Current Date: 30-Nov-2022,,,,,,,,,,,,,,,,,,,,,,,,,,,,,,,,,,,,,,,,,,,,,,,,,,,,,,,,,
Instrument Serial Number: 6735115039,,,,,,,,,,,,,,,,,,,,,,,,,,,,,,,,,,,,,,,,,,,,,,,,,,,,,,,,,
Software Name: InCyte,,,,,,,,,,,,,,,,,,,,,,,,,,,,,,,,,,,,,,,,,,,,,,,,,,,,,,,,,
Version Number: 2.2.2,,,,,,,,,,,,,,,,,,,,,,,,,,,,,,,,,,,,,,,,,,,,,,,,,,,,,,,,,
,,,,,,,,,,,,,,,,,,,,,,,,,,,,,,,,,,,,,,,,,,,,,,,,,,,,,,,,,
,,,,,,,,,,,,,,,,,,,,,,,,,,,,,,,,,,,,,,,,,,,,,,,,,,,,,,,,,
,,,,,,,,,,,,Gains,,,,,,,,Compensation,,,,,,,,,,,,,,,,,,,,,,,,,,,,,,,,,,,,,
  Sample Number ,  Sample ID ,  Number of Events ,  Termination Count ,  Count Gate ,  Dilution Factor ,  Original Volume ,  Cells/µL ,  Total Volume (µL) ,  Acquisition Time (s) ,  Date of Acquisition ,  Time of Acquisition ,  FSC Gain ,  SSC ,  GRN ,  YEL ,  RED ,  NIR ,  RED2 ,  NIR2 ,  GRN - %YEL ,  YEL - %GRN ,  RED - %YEL ,  YEL - %RED ,  RED - %NIR ,  NIR - %RED ,  YEL - %NIR ,  NIR - %YEL ,  GRN - %RED ,  RED - %GRN ,  GRN - %NIR ,  NIR - %GRN ,  RED2 - %YEL ,   YEL - %RED2 ,   RED2 - %RED ,   RED - %RED2 ,   RED2 - %GRN ,   GRN - %RED2 ,   RED2 - %NIR ,   NIR - %RED2 ,   RED2 - %NIR2 ,   NIR2 - %RED2 ,  NIR2 - %YEL ,   YEL - %NIR2 ,   NIR2 - %RED ,   RED - %NIR2 ,   NIR2 - %GRN ,   GRN - %NIR2 ,   NIR2 - %NIR ,   NIR - %NIR2 ,  Threshold Parameter ,  Threshold Value ,  Flow Rate (µL/s) ,  High Concentration Warning Trigger ,  # of Errors & Warnings ,  User Login Name ,  User Full Name ,   WorkList 
3, Culture-A-1,1115,10000, All Events,0.1,0.2,1.27E+02,8.79,14.9, 30-NOV-2022 , 09:16:32 ,30.64,1.09,1,17.45,2.28, ---, ---, ---,0,0,0,0, ---, ---, ---, ---,0,0, ---, ---, ---, ---, ---, ---, ---, ---, ---, ---, ---, ---, ---, ---, ---, ---, ---, ---, ---, ---, RED-HLin,5,0.59,500,2, GUAVAHT\GTI, Unknown, C:/Documents and Settings/GTI/Desktop/Nick Baetge/OL/OL22-2/Plate1.csv
4, Culture-A-1,1310,10000, All Events,0.1,0.2,1.49E+02,8.79,14.9, 30-NOV-2022 , 09:17:20 ,30.64,1.09,1,17.45,2.28, ---, ---, ---,0,0,0,0, ---, ---, ---, ---,0,0, ---, ---, ---, ---, ---, ---, ---, ---, ---, ---, ---, ---, ---, ---, ---, ---, ---, ---, ---, ---, RED-HLin,5,0.59,500,2, GUAVAHT\GTI, Unknown, C:/Documents and Settings/GTI/Desktop/Nick Baetge/OL/OL22-2/Plate1.csv
5, Culture-B-1,1060,10000, All Events,0.1,0.2,1.21E+02,8.79,14.9, 30-NOV-2022 , 09:17:58 ,30.64,1.09,1,17.45,2.28, ---, ---, ---,0,0,0,0, ---, ---, ---, ---,0,0, ---, ---, ---, ---, ---, ---, ---, ---, ---, ---, ---, ---, ---, ---, ---, ---, ---, ---, ---, ---, RED-HLin,5,0.59,500,2, GUAVAHT\GTI, Unknown, C:/Documents and Settings/GTI/Desktop/Nick Baetge/OL/OL22-2/Plate1.csv
6, Culture-B-1,1049,10000, All Events,0.1,0.2,1.19E+02,8.79,14.9, 30-NOV-2022 , 09:18:32 ,30.64,1.09,1,17.45,2.28, ---, ---, ---,0,0,0,0, ---, ---, ---, ---,0,0, ---, ---, ---, ---, ---, ---, ---, ---, ---, ---, ---, ---, ---, ---, ---, ---, ---, ---, ---, ---, RED-HLin,5,0.59,500,2, GUAVAHT\GTI, Unknown, C:/Documents and Settings/GTI/Desktop/Nick Baetge/OL/OL22-2/Plate1.csv
7, Culture-C-1,1157,10000, All Events,0.1,0.2,1.32E+02,8.79,14.9, 30-NOV-2022 , 09:19:16 ,30.64,1.09,1,17.45,2.28, ---, ---, ---,0,0,0,0, ---, ---, ---, ---,0,0, ---, ---, ---, ---, ---, ---, ---, ---, ---, ---, ---, ---, ---, ---, ---, ---, ---, ---, ---, ---, RED-HLin,5,0.59,500,2, GUAVAHT\GTI, Unknown, C:/Documents and Settings/GTI/Desktop/Nick Baetge/OL/OL22-2/Plate1.csv
8, Culture-C-1,1118,10000, All Events,0.1,0.2,1.27E+02,8.79,14.9, 30-NOV-2022 , 09:19:59 ,30.64,1.09,1,17.45,2.28, ---, ---, ---,0,0,0,0, ---, ---, ---, ---,0,0, ---, ---, ---, ---, ---, ---, ---, ---, ---, ---, ---, ---, ---, ---, ---, ---, ---, ---, ---, ---, RED-HLin,5,0.59,500,2, GUAVAHT\GTI, Unknown, C:/Documents and Settings/GTI/Desktop/Nick Baetge/OL/OL22-2/Plate1.csv
9, Optics-A-1,1083,10000, All Events,0.1,0.2,1.23E+02,8.79,14.9, 30-NOV-2022 , 10:06:37 ,30.64,1.09,1,17.45,2.28, ---, ---, ---,0,0,0,0, ---, ---, ---, ---,0,0, ---, ---, ---, ---, ---, ---, ---, ---, ---, ---, ---, ---, ---, ---, ---, ---, ---, ---, ---, ---, RED-HLin,5,0.59,500,2, GUAVAHT\GTI, Unknown, C:/Documents and Settings/GTI/Desktop/Nick Baetge/OL/OL22-2/Plate1.csv
10, Optics-A-1,1094,10000, All Events,0.1,0.2,1.25E+02,8.79,14.9, 30-NOV-2022 , 10:07:24 ,30.64,1.09,1,17.45,2.28, ---, ---, ---,0,0,0,0, ---, ---, ---, ---,0,0, ---, ---, ---, ---, ---, ---, ---, ---, ---, ---, ---, ---, ---, ---, ---, ---, ---, ---, ---, ---, RED-HLin,5,0.59,500,2, GUAVAHT\GTI, Unknown, C:/Documents and Settings/GTI/Desktop/Nick Baetge/OL/OL22-2/Plate1.csv
11, Optics-B-1,2209,10000, All Events,0.1,0.2,2.51E+02,8.79,14.9, 30-NOV-2022 , 10:08:01 ,30.64,1.09,1,17.45,2.28, ---, ---, ---,0,0,0,0, ---, ---, ---, ---,0,0, ---, ---, ---, ---, ---, ---, ---, ---, ---, ---, ---, ---, ---, ---, ---, ---, ---, ---, ---, ---, RED-HLin,5,0.59,500,2, GUAVAHT\GTI, Unknown, C:/Documents and Settings/GTI/Desktop/Nick Baetge/OL/OL22-2/Plate1.csv
12, Optics-B-1,2175,10000, All Events,0.1,0.2,2.52E+02,8.64,14.64, 30-NOV-2022 , 10:08:38 ,30.64,1.09,1,17.45,2.28, ---, ---, ---,0,0,0,0, ---, ---, ---, ---,0,0, ---, ---, ---, ---, ---, ---, ---, ---, ---, ---, ---, ---, ---, ---, ---, ---, ---, ---, ---, ---, RED-HLin,5,0.59,500,2, GUAVAHT\GTI, Unknown, C:/Documents and Settings/GTI/Desktop/Nick Baetge/OL/OL22-2/Plate1.csv
13, Optics-C-1,2911,10000, All Events,0.1,0.2,3.31E+02,8.79,14.9, 30-NOV-2022 , 10:09:16 ,30.64,1.09,1,17.45,2.28, ---, ---, ---,0,0,0,0, ---, ---, ---, ---,0,0, ---, ---, ---, ---, ---, ---, ---, ---, ---, ---, ---, ---, ---, ---, ---, ---, ---, ---, ---, ---, RED-HLin,5,0.59,500,2, GUAVAHT\GTI, Unknown, C:/Documents and Settings/GTI/Desktop/Nick Baetge/OL/OL22-2/Plate1.csv
14, Optics-C-1,3061,10000, All Events,0.1,0.2,3.48E+02,8.79,14.9, 30-NOV-2022 , 10:09:50 ,30.64,1.09,1,17.45,2.28, ---, ---, ---,0,0,0,0, ---, ---, ---, ---,0,0, ---, ---, ---, ---, ---, ---, ---, ---, ---, ---, ---, ---, ---, ---, ---, ---, ---, ---, ---, ---, RED-HLin,5,0.59,500,2, GUAVAHT\GTI, Unknown, C:/Documents and Settings/GTI/Desktop/Nick Baetge/OL/OL22-2/Plate1.csv
17, Culture-A-2,1466,10000, All Events,0.1,0.2,1.67E+02,8.79,14.9, 30-NOV-2022 , 11:14:52 ,30.64,1.09,1,17.45,2.28, ---, ---, ---,0,0,0,0, ---, ---, ---, ---,0,0, ---, ---, ---, ---, ---, ---, ---, ---, ---, ---, ---, ---, ---, ---, ---, ---, ---, ---, ---, ---, RED-HLin,5,0.59,500,2, GUAVAHT\GTI, Unknown, C:/Documents and Settings/GTI/Desktop/Nick Baetge/OL/OL22-2/Plate1.csv
18, Culture-A-2,1178,10000, All Events,0.1,0.2,1.34E+02,8.79,14.9, 30-NOV-2022 , 11:15:40 ,30.64,1.09,1,17.45,2.28, ---, ---, ---,0,0,0,0, ---, ---, ---, ---,0,0, ---, ---, ---, ---, ---, ---, ---, ---, ---, ---, ---, ---, ---, ---, ---, ---, ---, ---, ---, ---, RED-HLin,5,0.59,500,2, GUAVAHT\GTI, Unknown, C:/Documents and Settings/GTI/Desktop/Nick Baetge/OL/OL22-2/Plate1.csv
19, Culture-B-2,1126,10000, All Events,0.1,0.2,1.28E+02,8.79,14.9, 30-NOV-2022 , 11:16:17 ,30.64,1.09,1,17.45,2.28, ---, ---, ---,0,0,0,0, ---, ---, ---, ---,0,0, ---, ---, ---, ---, ---, ---, ---, ---, ---, ---, ---, ---, ---, ---, ---, ---, ---, ---, ---, ---, RED-HLin,5,0.59,500,2, GUAVAHT\GTI, Unknown, C:/Documents and Settings/GTI/Desktop/Nick Baetge/OL/OL22-2/Plate1.csv
20, Culture-B-2,934,10000, All Events,0.1,0.2,1.06E+02,8.79,14.9, 30-NOV-2022 , 11:16:55 ,30.64,1.09,1,17.45,2.28, ---, ---, ---,0,0,0,0, ---, ---, ---, ---,0,0, ---, ---, ---, ---, ---, ---, ---, ---, ---, ---, ---, ---, ---, ---, ---, ---, ---, ---, ---, ---, RED-HLin,5,0.59,500,2, GUAVAHT\GTI, Unknown, C:/Documents and Settings/GTI/Desktop/Nick Baetge/OL/OL22-2/Plate1.csv
21, Culture-C-2,1097,10000, All Events,0.1,0.2,1.25E+02,8.79,14.9, 30-NOV-2022 , 11:17:32 ,30.64,1.09,1,17.45,2.28, ---, ---, ---,0,0,0,0, ---, ---, ---, ---,0,0, ---, ---, ---, ---, ---, ---, ---, ---, ---, ---, ---, ---, ---, ---, ---, ---, ---, ---, ---, ---, RED-HLin,5,0.59,500,2, GUAVAHT\GTI, Unknown, C:/Documents and Settings/GTI/Desktop/Nick Baetge/OL/OL22-2/Plate1.csv
22, Culture-C-2,1164,10000, All Events,0.1,0.2,1.32E+02,8.79,14.9, 30-NOV-2022 , 11:18:06 ,30.64,1.09,1,17.45,2.28, ---, ---, ---,0,0,0,0, ---, ---, ---, ---,0,0, ---, ---, ---, ---, ---, ---, ---, ---, ---, ---, ---, ---, ---, ---, ---, ---, ---, ---, ---, ---, RED-HLin,5,0.59,500,2, GUAVAHT\GTI, Unknown, C:/Documents and Settings/GTI/Desktop/Nick Baetge/OL/OL22-2/Plate1.csv
23, Optics-A-2,568,10000, All Events,0.1,0.2,6.46E+01,8.79,14.9, 30-NOV-2022 , 11:53:28 ,30.64,1.09,1,17.45,2.28, ---, ---, ---,0,0,0,0, ---, ---, ---, ---,0,0, ---, ---, ---, ---, ---, ---, ---, ---, ---, ---, ---, ---, ---, ---, ---, ---, ---, ---, ---, ---, RED-HLin,5,0.59,500,2, GUAVAHT\GTI, Unknown, C:/Documents and Settings/GTI/Desktop/Nick Baetge/OL/OL22-2/Plate1.csv
24, Optics-A-2,565,10000, All Events,0.1,0.2,6.43E+01,8.79,14.9, 30-NOV-2022 , 11:54:16 ,30.64,1.09,1,17.45,2.28, ---, ---, ---,0,0,0,0, ---, ---, ---, ---,0,0, ---, ---, ---, ---, ---, ---, ---, ---, ---, ---, ---, ---, ---, ---, ---, ---, ---, ---, ---, ---, RED-HLin,5,0.59,500,2, GUAVAHT\GTI, Unknown, C:/Documents and Settings/GTI/Desktop/Nick Baetge/OL/OL22-2/Plate1.csv
25, Optics-B-2,1113,10000, All Events,0.1,0.2,1.27E+02,8.79,14.9, 30-NOV-2022 , 11:54:53 ,30.64,1.09,1,17.45,2.28, ---, ---, ---,0,0,0,0, ---, ---, ---, ---,0,0, ---, ---, ---, ---, ---, ---, ---, ---, ---, ---, ---, ---, ---, ---, ---, ---, ---, ---, ---, ---, RED-HLin,5,0.59,500,2, GUAVAHT\GTI, Unknown, C:/Documents and Settings/GTI/Desktop/Nick Baetge/OL/OL22-2/Plate1.csv
26, Optics-B-2,1023,10000, All Events,0.1,0.2,1.16E+02,8.79,14.9, 30-NOV-2022 , 11:55:31 ,30.64,1.09,1,17.45,2.28, ---, ---, ---,0,0,0,0, ---, ---, ---, ---,0,0, ---, ---, ---, ---, ---, ---, ---, ---, ---, ---, ---, ---, ---, ---, ---, ---, ---, ---, ---, ---, RED-HLin,5,0.59,500,2, GUAVAHT\GTI, Unknown, C:/Documents and Settings/GTI/Desktop/Nick Baetge/OL/OL22-2/Plate1.csv
27, Optics-C-2,1526,10000, All Events,0.1,0.2,1.74E+02,8.79,14.9, 30-NOV-2022 , 11:56:08 ,30.64,1.09,1,17.45,2.28, ---, ---, ---,0,0,0,0, ---, ---, ---, ---,0,0, ---, ---, ---, ---, ---, ---, ---, ---, ---, ---, ---, ---, ---, ---, ---, ---, ---, ---, ---, ---, RED-HLin,5,0.59,500,2, GUAVAHT\GTI, Unknown, C:/Documents and Settings/GTI/Desktop/Nick Baetge/OL/OL22-2/Plate1.csv
28, Optics-C-2,1524,10000, All Events,0.1,0.2,1.73E+02,8.79,14.9, 30-NOV-2022 , 11:56:43 ,30.64,1.09,1,17.45,2.28, ---, ---, ---,0,0,0,0, ---, ---, ---, ---,0,0, ---, ---, ---, ---, ---, ---, ---, ---, ---, ---, ---, ---, ---, ---, ---, ---, ---, ---, ---, ---, RED-HLin,5,0.59,500,2, GUAVAHT\GTI, Unknown, C:/Documents and Settings/GTI/Desktop/Nick Baetge/OL/OL22-2/Plate1.csv
31, Culture-A-3,1044,10000, All Events,1,0.2,1.19E+02,8.79,14.9, 30-NOV-2022 , 13:14:40 ,30.64,1.09,1,17.45,2.28, ---, ---, ---,0,0,0,0, ---, ---, ---, ---,0,0, ---, ---, ---, ---, ---, ---, ---, ---, ---, ---, ---, ---, ---, ---, ---, ---, ---, ---, ---, ---, RED-HLin,5,0.59,500,2, GUAVAHT\GTI, Unknown, C:/Documents and Settings/GTI/Desktop/Nick Baetge/OL/OL22-2/Plate1.csv
32, Culture-A-3,1076,10000, All Events,1,0.2,1.22E+02,8.79,14.9, 30-NOV-2022 , 13:15:28 ,30.64,1.09,1,17.45,2.28, ---, ---, ---,0,0,0,0, ---, ---, ---, ---,0,0, ---, ---, ---, ---, ---, ---, ---, ---, ---, ---, ---, ---, ---, ---, ---, ---, ---, ---, ---, ---, RED-HLin,5,0.59,500,2, GUAVAHT\GTI, Unknown, C:/Documents and Settings/GTI/Desktop/Nick Baetge/OL/OL22-2/Plate1.csv
33, Culture-B-3,1147,10000, All Events,1,0.2,1.31E+02,8.79,14.9, 30-NOV-2022 , 13:16:05 ,30.64,1.09,1,17.45,2.28, ---, ---, ---,0,0,0,0, ---, ---, ---, ---,0,0, ---, ---, ---, ---, ---, ---, ---, ---, ---, ---, ---, ---, ---, ---, ---, ---, ---, ---, ---, ---, RED-HLin,5,0.59,500,2, GUAVAHT\GTI, Unknown, C:/Documents and Settings/GTI/Desktop/Nick Baetge/OL/OL22-2/Plate1.csv
34, Culture-B-3,1044,10000, All Events,1,0.2,1.19E+02,8.79,14.9, 30-NOV-2022 , 13:16:43 ,30.64,1.09,1,17.45,2.28, ---, ---, ---,0,0,0,0, ---, ---, ---, ---,0,0, ---, ---, ---, ---, ---, ---, ---, ---, ---, ---, ---, ---, ---, ---, ---, ---, ---, ---, ---, ---, RED-HLin,5,0.59,500,2, GUAVAHT\GTI, Unknown, C:/Documents and Settings/GTI/Desktop/Nick Baetge/OL/OL22-2/Plate1.csv
35, Culture-C-3,1099,10000, All Events,1,0.2,1.29E+02,8.55,14.49, 30-NOV-2022 , 13:17:20 ,30.64,1.09,1,17.45,2.28, ---, ---, ---,0,0,0,0, ---, ---, ---, ---,0,0, ---, ---, ---, ---, ---, ---, ---, ---, ---, ---, ---, ---, ---, ---, ---, ---, ---, ---, ---, ---, RED-HLin,5,0.59,500,2, GUAVAHT\GTI, Unknown, C:/Documents and Settings/GTI/Desktop/Nick Baetge/OL/OL22-2/Plate1.csv
36, Culture-C-3,960,10000, All Events,1,0.2,1.09E+02,8.79,14.9, 30-NOV-2022 , 13:17:54 ,30.64,1.09,1,17.45,2.28, ---, ---, ---,0,0,0,0, ---, ---, ---, ---,0,0, ---, ---, ---, ---, ---, ---, ---, ---, ---, ---, ---, ---, ---, ---, ---, ---, ---, ---, ---, ---, RED-HLin,5,0.59,500,2, GUAVAHT\GTI, Unknown, C:/Documents and Settings/GTI/Desktop/Nick Baetge/OL/OL22-2/Plate1.csv
37, Optics-A-3,500,10000, All Events,1,0.2,5.69E+01,8.79,14.9, 30-NOV-2022 , 13:53:02 ,30.64,1.09,1,17.45,2.28, ---, ---, ---,0,0,0,0, ---, ---, ---, ---,0,0, ---, ---, ---, ---, ---, ---, ---, ---, ---, ---, ---, ---, ---, ---, ---, ---, ---, ---, ---, ---, RED-HLin,5,0.59,500,2, GUAVAHT\GTI, Unknown, C:/Documents and Settings/GTI/Desktop/Nick Baetge/OL/OL22-2/Plate1.csv
38, Optics-A-3,541,10000, All Events,1,0.2,6.15E+01,8.79,14.9, 30-NOV-2022 , 13:53:46 ,30.64,1.09,1,17.45,2.28, ---, ---, ---,0,0,0,0, ---, ---, ---, ---,0,0, ---, ---, ---, ---, ---, ---, ---, ---, ---, ---, ---, ---, ---, ---, ---, ---, ---, ---, ---, ---, RED-HLin,5,0.59,500,2, GUAVAHT\GTI, Unknown, C:/Documents and Settings/GTI/Desktop/Nick Baetge/OL/OL22-2/Plate1.csv
39, Optics-B-3,1069,10000, All Events,1,0.2,1.22E+02,8.79,14.9, 30-NOV-2022 , 13:54:30 ,30.64,1.09,1,17.45,2.28, ---, ---, ---,0,0,0,0, ---, ---, ---, ---,0,0, ---, ---, ---, ---, ---, ---, ---, ---, ---, ---, ---, ---, ---, ---, ---, ---, ---, ---, ---, ---, RED-HLin,5,0.59,500,2, GUAVAHT\GTI, Unknown, C:/Documents and Settings/GTI/Desktop/Nick Baetge/OL/OL22-2/Plate1.csv
40, Optics-B-3,1034,10000, All Events,1,0.2,1.18E+02,8.79,14.9, 30-NOV-2022 , 13:55:18 ,30.64,1.09,1,17.45,2.28, ---, ---, ---,0,0,0,0, ---, ---, ---, ---,0,0, ---, ---, ---, ---, ---, ---, ---, ---, ---, ---, ---, ---, ---, ---, ---, ---, ---, ---, ---, ---, RED-HLin,5,0.59,500,2, GUAVAHT\GTI, Unknown, C:/Documents and Settings/GTI/Desktop/Nick Baetge/OL/OL22-2/Plate1.csv
41, Optics-C-3,1494,10000, All Events,1,0.2,1.71E+02,8.76,14.85, 30-NOV-2022 , 13:55:55 ,30.64,1.09,1,17.45,2.28, ---, ---, ---,0,0,0,0, ---, ---, ---, ---,0,0, ---, ---, ---, ---, ---, ---, ---, ---, ---, ---, ---, ---, ---, ---, ---, ---, ---, ---, ---, ---, RED-HLin,5,0.59,500,2, GUAVAHT\GTI, Unknown, C:/Documents and Settings/GTI/Desktop/Nick Baetge/OL/OL22-2/Plate1.csv
42, Optics-C-3,1464,10000, All Events,1,0.2,1.67E+02,8.79,14.9, 30-NOV-2022 , 13:56:29 ,30.64,1.09,1,17.45,2.28, ---, ---, ---,0,0,0,0, ---, ---, ---, ---,0,0, ---, ---, ---, ---, ---, ---, ---, ---, ---, ---, ---, ---, ---, ---, ---, ---, ---, ---, ---, ---, RED-HLin,5,0.59,500,2, GUAVAHT\GTI, Unknown, C:/Documents and Settings/GTI/Desktop/Nick Baetge/OL/OL22-2/Plate1.csv
45, Culture-A-4,1021,10000, All Events,1,0.2,1.16E+02,8.79,14.9, 30-NOV-2022 , 15:13:28 ,30.64,1.09,1,17.45,2.28, ---, ---, ---,0,0,0,0, ---, ---, ---, ---,0,0, ---, ---, ---, ---, ---, ---, ---, ---, ---, ---, ---, ---, ---, ---, ---, ---, ---, ---, ---, ---, RED-HLin,5,0.59,500,2, GUAVAHT\GTI, Unknown, C:/Documents and Settings/GTI/Desktop/Nick Baetge/OL/OL22-2/Plate1.csv
46, Culture-A-4,1091,10000, All Events,1,0.2,1.24E+02,8.79,14.9, 30-NOV-2022 , 15:14:15 ,30.64,1.09,1,17.45,2.28, ---, ---, ---,0,0,0,0, ---, ---, ---, ---,0,0, ---, ---, ---, ---, ---, ---, ---, ---, ---, ---, ---, ---, ---, ---, ---, ---, ---, ---, ---, ---, RED-HLin,5,0.59,500,2, GUAVAHT\GTI, Unknown, C:/Documents and Settings/GTI/Desktop/Nick Baetge/OL/OL22-2/Plate1.csv
47, Culture-B-4,964,10000, All Events,1,0.2,1.10E+02,8.79,14.9, 30-NOV-2022 , 15:14:53 ,30.64,1.09,1,17.45,2.28, ---, ---, ---,0,0,0,0, ---, ---, ---, ---,0,0, ---, ---, ---, ---, ---, ---, ---, ---, ---, ---, ---, ---, ---, ---, ---, ---, ---, ---, ---, ---, RED-HLin,5,0.59,500,2, GUAVAHT\GTI, Unknown, C:/Documents and Settings/GTI/Desktop/Nick Baetge/OL/OL22-2/Plate1.csv
48, Culture-B-4,1021,10000, All Events,1,0.2,1.16E+02,8.79,14.9, 30-NOV-2022 , 15:15:27 ,30.64,1.09,1,17.45,2.28, ---, ---, ---,0,0,0,0, ---, ---, ---, ---,0,0, ---, ---, ---, ---, ---, ---, ---, ---, ---, ---, ---, ---, ---, ---, ---, ---, ---, ---, ---, ---, RED-HLin,5,0.59,500,2, GUAVAHT\GTI, Unknown, C:/Documents and Settings/GTI/Desktop/Nick Baetge/OL/OL22-2/Plate1.csv
49, Culture-C-4,935,10000, All Events,1,0.2,1.06E+02,8.79,14.9, 30-NOV-2022 , 15:16:12 ,30.64,1.09,1,17.45,2.28, ---, ---, ---,0,0,0,0, ---, ---, ---, ---,0,0, ---, ---, ---, ---, ---, ---, ---, ---, ---, ---, ---, ---, ---, ---, ---, ---, ---, ---, ---, ---, RED-HLin,5,0.59,500,2, GUAVAHT\GTI, Unknown, C:/Documents and Settings/GTI/Desktop/Nick Baetge/OL/OL22-2/Plate1.csv
50, Culture-C-4,1158,10000, All Events,1,0.2,1.32E+02,8.79,14.9, 30-NOV-2022 , 15:16:56 ,30.64,1.09,1,17.45,2.28, ---, ---, ---,0,0,0,0, ---, ---, ---, ---,0,0, ---, ---, ---, ---, ---, ---, ---, ---, ---, ---, ---, ---, ---, ---, ---, ---, ---, ---, ---, ---, RED-HLin,5,0.59,500,2, GUAVAHT\GTI, Unknown, C:/Documents and Settings/GTI/Desktop/Nick Baetge/OL/OL22-2/Plate1.csv
51, Optics-A-4,520,10000, All Events,1,0.2,5.92E+01,8.79,14.9, 30-NOV-2022 , 15:52:55 ,30.64,1.09,1,17.45,2.28, ---, ---, ---,0,0,0,0, ---, ---, ---, ---,0,0, ---, ---, ---, ---, ---, ---, ---, ---, ---, ---, ---, ---, ---, ---, ---, ---, ---, ---, ---, ---, RED-HLin,5,0.59,500,2, GUAVAHT\GTI, Unknown, C:/Documents and Settings/GTI/Desktop/Nick Baetge/OL/OL22-2/Plate1.csv
52, Optics-A-4,547,10000, All Events,1,0.2,6.22E+01,8.79,14.9, 30-NOV-2022 , 15:53:43 ,30.64,1.09,1,17.45,2.28, ---, ---, ---,0,0,0,0, ---, ---, ---, ---,0,0, ---, ---, ---, ---, ---, ---, ---, ---, ---, ---, ---, ---, ---, ---, ---, ---, ---, ---, ---, ---, RED-HLin,5,0.59,500,2, GUAVAHT\GTI, Unknown, C:/Documents and Settings/GTI/Desktop/Nick Baetge/OL/OL22-2/Plate1.csv
53, Optics-B-4,951,10000, All Events,1,0.2,1.08E+02,8.79,14.9, 30-NOV-2022 , 15:54:21 ,30.64,1.09,1,17.45,2.28, ---, ---, ---,0,0,0,0, ---, ---, ---, ---,0,0, ---, ---, ---, ---, ---, ---, ---, ---, ---, ---, ---, ---, ---, ---, ---, ---, ---, ---, ---, ---, RED-HLin,5,0.59,500,2, GUAVAHT\GTI, Unknown, C:/Documents and Settings/GTI/Desktop/Nick Baetge/OL/OL22-2/Plate1.csv
54, Optics-B-4,991,10000, All Events,1,0.2,1.13E+02,8.79,14.9, 30-NOV-2022 , 15:54:58 ,30.64,1.09,1,17.45,2.28, ---, ---, ---,0,0,0,0, ---, ---, ---, ---,0,0, ---, ---, ---, ---, ---, ---, ---, ---, ---, ---, ---, ---, ---, ---, ---, ---, ---, ---, ---, ---, RED-HLin,5,0.59,500,2, GUAVAHT\GTI, Unknown, C:/Documents and Settings/GTI/Desktop/Nick Baetge/OL/OL22-2/Plate1.csv
55, Optics-C-4,1455,10000, All Events,1,0.2,1.66E+02,8.79,14.9, 30-NOV-2022 , 15:55:36 ,30.64,1.09,1,17.45,2.28, ---, ---, ---,0,0,0,0, ---, ---, ---, ---,0,0, ---, ---, ---, ---, ---, ---, ---, ---, ---, ---, ---, ---, ---, ---, ---, ---, ---, ---, ---, ---, RED-HLin,5,0.59,500,2, GUAVAHT\GTI, Unknown, C:/Documents and Settings/GTI/Desktop/Nick Baetge/OL/OL22-2/Plate1.csv
56, Optics-C-4,1366,10000, All Events,1,0.2,1.55E+02,8.79,14.9, 30-NOV-2022 , 15:56:10 ,30.64,1.09,1,17.45,2.28, ---, ---, ---,0,0,0,0, ---, ---, ---, ---,0,0, ---, ---, ---, ---, ---, ---, ---, ---, ---, ---, ---, ---, ---, ---, ---, ---, ---, ---, ---, ---, RED-HLin,5,0.59,500,2, GUAVAHT\GTI, Unknown, C:/Documents and Settings/GTI/Desktop/Nick Baetge/OL/OL22-2/Plate1.csv
59, Culture-A-5,1043,10000, All Events,1,0.2,1.19E+02,8.79,14.9, 30-NOV-2022 , 17:12:08 ,30.64,1.09,1,17.45,2.28, ---, ---, ---,0,0,0,0, ---, ---, ---, ---,0,0, ---, ---, ---, ---, ---, ---, ---, ---, ---, ---, ---, ---, ---, ---, ---, ---, ---, ---, ---, ---, RED-HLin,5,0.59,500,2, GUAVAHT\GTI, Unknown, C:/Documents and Settings/GTI/Desktop/Nick Baetge/OL/OL22-2/Plate1.csv
60, Culture-A-5,990,10000, All Events,1,0.2,1.13E+02,8.79,14.9, 30-NOV-2022 , 17:12:46 ,30.64,1.09,1,17.45,2.28, ---, ---, ---,0,0,0,0, ---, ---, ---, ---,0,0, ---, ---, ---, ---, ---, ---, ---, ---, ---, ---, ---, ---, ---, ---, ---, ---, ---, ---, ---, ---, RED-HLin,5,0.59,500,2, GUAVAHT\GTI, Unknown, C:/Documents and Settings/GTI/Desktop/Nick Baetge/OL/OL22-2/Plate1.csv
61, Culture-B-5,961,10000, All Events,1,0.2,1.09E+02,8.79,14.9, 30-NOV-2022 , 17:13:23 ,30.64,1.09,1,17.45,2.28, ---, ---, ---,0,0,0,0, ---, ---, ---, ---,0,0, ---, ---, ---, ---, ---, ---, ---, ---, ---, ---, ---, ---, ---, ---, ---, ---, ---, ---, ---, ---, RED-HLin,5,0.59,500,2, GUAVAHT\GTI, Unknown, C:/Documents and Settings/GTI/Desktop/Nick Baetge/OL/OL22-2/Plate1.csv
62, Culture-B-5,905,10000, All Events,1,0.2,1.03E+02,8.79,14.9, 30-NOV-2022 , 17:14:01 ,30.64,1.09,1,17.45,2.28, ---, ---, ---,0,0,0,0, ---, ---, ---, ---,0,0, ---, ---, ---, ---, ---, ---, ---, ---, ---, ---, ---, ---, ---, ---, ---, ---, ---, ---, ---, ---, RED-HLin,5,0.59,500,2, GUAVAHT\GTI, Unknown, C:/Documents and Settings/GTI/Desktop/Nick Baetge/OL/OL22-2/Plate1.csv
63, Culture-C-5,903,10000, All Events,1,0.2,1.03E+02,8.79,14.9, 30-NOV-2022 , 17:14:39 ,30.64,1.09,1,17.45,2.28, ---, ---, ---,0,0,0,0, ---, ---, ---, ---,0,0, ---, ---, ---, ---, ---, ---, ---, ---, ---, ---, ---, ---, ---, ---, ---, ---, ---, ---, ---, ---, RED-HLin,5,0.59,500,2, GUAVAHT\GTI, Unknown, C:/Documents and Settings/GTI/Desktop/Nick Baetge/OL/OL22-2/Plate1.csv
64, Culture-C-5,940,10000, All Events,1,0.2,1.07E+02,8.79,14.9, 30-NOV-2022 , 17:15:13 ,30.64,1.09,1,17.45,2.28, ---, ---, ---,0,0,0,0, ---, ---, ---, ---,0,0, ---, ---, ---, ---, ---, ---, ---, ---, ---, ---, ---, ---, ---, ---, ---, ---, ---, ---, ---, ---, RED-HLin,5,0.59,500,2, GUAVAHT\GTI, Unknown, C:/Documents and Settings/GTI/Desktop/Nick Baetge/OL/OL22-2/Plate1.csv
65, Optics-A-5,533,10000, All Events,1,0.2,6.06E+01,8.79,14.9, 30-NOV-2022 , 17:48:57 ,30.64,1.09,1,17.45,2.28, ---, ---, ---,0,0,0,0, ---, ---, ---, ---,0,0, ---, ---, ---, ---, ---, ---, ---, ---, ---, ---, ---, ---, ---, ---, ---, ---, ---, ---, ---, ---, RED-HLin,5,0.59,500,2, GUAVAHT\GTI, Unknown, C:/Documents and Settings/GTI/Desktop/Nick Baetge/OL/OL22-2/Plate1.csv
66, Optics-A-5,556,10000, All Events,1,0.2,6.33E+01,8.79,14.9, 30-NOV-2022 , 17:49:45 ,30.64,1.09,1,17.45,2.28, ---, ---, ---,0,0,0,0, ---, ---, ---, ---,0,0, ---, ---, ---, ---, ---, ---, ---, ---, ---, ---, ---, ---, ---, ---, ---, ---, ---, ---, ---, ---, RED-HLin,5,0.59,500,2, GUAVAHT\GTI, Unknown, C:/Documents and Settings/GTI/Desktop/Nick Baetge/OL/OL22-2/Plate1.csv
67, Optics-B-5,931,10000, All Events,1,0.2,1.06E+02,8.79,14.9, 30-NOV-2022 , 17:50:23 ,30.64,1.09,1,17.45,2.28, ---, ---, ---,0,0,0,0, ---, ---, ---, ---,0,0, ---, ---, ---, ---, ---, ---, ---, ---, ---, ---, ---, ---, ---, ---, ---, ---, ---, ---, ---, ---, RED-HLin,5,0.59,500,2, GUAVAHT\GTI, Unknown, C:/Documents and Settings/GTI/Desktop/Nick Baetge/OL/OL22-2/Plate1.csv
68, Optics-B-5,924,10000, All Events,1,0.2,1.05E+02,8.79,14.9, 30-NOV-2022 , 17:51:00 ,30.64,1.09,1,17.45,2.28, ---, ---, ---,0,0,0,0, ---, ---, ---, ---,0,0, ---, ---, ---, ---, ---, ---, ---, ---, ---, ---, ---, ---, ---, ---, ---, ---, ---, ---, ---, ---, RED-HLin,5,0.59,500,2, GUAVAHT\GTI, Unknown, C:/Documents and Settings/GTI/Desktop/Nick Baetge/OL/OL22-2/Plate1.csv
69, Optics-C-5,1403,10000, All Events,1,0.2,1.60E+02,8.79,14.9, 30-NOV-2022 , 17:51:38 ,30.64,1.09,1,17.45,2.28, ---, ---, ---,0,0,0,0, ---, ---, ---, ---,0,0, ---, ---, ---, ---, ---, ---, ---, ---, ---, ---, ---, ---, ---, ---, ---, ---, ---, ---, ---, ---, RED-HLin,5,0.59,500,2, GUAVAHT\GTI, Unknown, C:/Documents and Settings/GTI/Desktop/Nick Baetge/OL/OL22-2/Plate1.csv
70, Optics-C-5,1436,10000, All Events,1,0.2,1.63E+02,8.79,14.9, 30-NOV-2022 , 17:52:12 ,30.64,1.09,1,17.45,2.28, ---, ---, ---,0,0,0,0, ---, ---, ---, ---,0,0, ---, ---, ---, ---, ---, ---, ---, ---, ---, ---, ---, ---, ---, ---, ---, ---, ---, ---, ---, ---, RED-HLin,5,0.59,500,2, GUAVAHT\GTI, Unknown, C:/Documents and Settings/GTI/Desktop/Nick Baetge/OL/OL22-2/Plate1.csv
73, Culture-A-6,942,10000, All Events,1,0.2,1.07E+02,8.79,14.9, 30-NOV-2022 , 19:11:55 ,30.64,1.09,1,17.45,2.28, ---, ---, ---,0,0,0,0, ---, ---, ---, ---,0,0, ---, ---, ---, ---, ---, ---, ---, ---, ---, ---, ---, ---, ---, ---, ---, ---, ---, ---, ---, ---, RED-HLin,5,0.59,500,2, GUAVAHT\GTI, Unknown, C:/Documents and Settings/GTI/Desktop/Nick Baetge/OL/OL22-2/Plate1.csv
74, Culture-A-6,987,10000, All Events,1,0.2,1.12E+02,8.79,14.9, 30-NOV-2022 , 19:12:43 ,30.64,1.09,1,17.45,2.28, ---, ---, ---,0,0,0,0, ---, ---, ---, ---,0,0, ---, ---, ---, ---, ---, ---, ---, ---, ---, ---, ---, ---, ---, ---, ---, ---, ---, ---, ---, ---, RED-HLin,5,0.59,500,2, GUAVAHT\GTI, Unknown, C:/Documents and Settings/GTI/Desktop/Nick Baetge/OL/OL22-2/Plate1.csv
75, Culture-B-6,907,10000, All Events,1,0.2,1.03E+02,8.79,14.9, 30-NOV-2022 , 19:13:21 ,30.64,1.09,1,17.45,2.28, ---, ---, ---,0,0,0,0, ---, ---, ---, ---,0,0, ---, ---, ---, ---, ---, ---, ---, ---, ---, ---, ---, ---, ---, ---, ---, ---, ---, ---, ---, ---, RED-HLin,5,0.59,500,2, GUAVAHT\GTI, Unknown, C:/Documents and Settings/GTI/Desktop/Nick Baetge/OL/OL22-2/Plate1.csv
76, Culture-B-6,870,10000, All Events,1,0.2,9.90E+01,8.79,14.9, 30-NOV-2022 , 19:13:59 ,30.64,1.09,1,17.45,2.28, ---, ---, ---,0,0,0,0, ---, ---, ---, ---,0,0, ---, ---, ---, ---, ---, ---, ---, ---, ---, ---, ---, ---, ---, ---, ---, ---, ---, ---, ---, ---, RED-HLin,5,0.59,500,2, GUAVAHT\GTI, Unknown, C:/Documents and Settings/GTI/Desktop/Nick Baetge/OL/OL22-2/Plate1.csv
77, Culture-C-6,884,10000, All Events,1,0.2,1.01E+02,8.79,14.9, 30-NOV-2022 , 19:14:36 ,30.64,1.09,1,17.45,2.28, ---, ---, ---,0,0,0,0, ---, ---, ---, ---,0,0, ---, ---, ---, ---, ---, ---, ---, ---, ---, ---, ---, ---, ---, ---, ---, ---, ---, ---, ---, ---, RED-HLin,5,0.59,500,2, GUAVAHT\GTI, Unknown, C:/Documents and Settings/GTI/Desktop/Nick Baetge/OL/OL22-2/Plate1.csv
78, Culture-C-6,933,10000, All Events,1,0.2,1.06E+02,8.79,14.9, 30-NOV-2022 , 19:15:11 ,30.64,1.09,1,17.45,2.28, ---, ---, ---,0,0,0,0, ---, ---, ---, ---,0,0, ---, ---, ---, ---, ---, ---, ---, ---, ---, ---, ---, ---, ---, ---, ---, ---, ---, ---, ---, ---, RED-HLin,5,0.59,500,2, GUAVAHT\GTI, Unknown, C:/Documents and Settings/GTI/Desktop/Nick Baetge/OL/OL22-2/Plate1.csv
79, Optics-A-6,516,10000, All Events,1,0.2,5.87E+01,8.79,14.9, 30-NOV-2022 , 19:52:22 ,30.64,1.09,1,17.45,2.28, ---, ---, ---,0,0,0,0, ---, ---, ---, ---,0,0, ---, ---, ---, ---, ---, ---, ---, ---, ---, ---, ---, ---, ---, ---, ---, ---, ---, ---, ---, ---, RED-HLin,5,0.59,500,2, GUAVAHT\GTI, Unknown, C:/Documents and Settings/GTI/Desktop/Nick Baetge/OL/OL22-2/Plate1.csv
80, Optics-A-6,533,10000, All Events,1,0.2,6.06E+01,8.79,14.9, 30-NOV-2022 , 19:53:06 ,30.64,1.09,1,17.45,2.28, ---, ---, ---,0,0,0,0, ---, ---, ---, ---,0,0, ---, ---, ---, ---, ---, ---, ---, ---, ---, ---, ---, ---, ---, ---, ---, ---, ---, ---, ---, ---, RED-HLin,5,0.59,500,2, GUAVAHT\GTI, Unknown, C:/Documents and Settings/GTI/Desktop/Nick Baetge/OL/OL22-2/Plate1.csv
81, Optics-B-6,1033,10000, All Events,1,0.2,1.18E+02,8.79,14.9, 30-NOV-2022 , 19:53:51 ,30.64,1.09,1,17.45,2.28, ---, ---, ---,0,0,0,0, ---, ---, ---, ---,0,0, ---, ---, ---, ---, ---, ---, ---, ---, ---, ---, ---, ---, ---, ---, ---, ---, ---, ---, ---, ---, RED-HLin,5,0.59,500,2, GUAVAHT\GTI, Unknown, C:/Documents and Settings/GTI/Desktop/Nick Baetge/OL/OL22-2/Plate1.csv
82, Optics-B-6,1007,10000, All Events,1,0.2,1.15E+02,8.79,14.9, 30-NOV-2022 , 19:54:39 ,30.64,1.09,1,17.45,2.28, ---, ---, ---,0,0,0,0, ---, ---, ---, ---,0,0, ---, ---, ---, ---, ---, ---, ---, ---, ---, ---, ---, ---, ---, ---, ---, ---, ---, ---, ---, ---, RED-HLin,5,0.59,500,2, GUAVAHT\GTI, Unknown, C:/Documents and Settings/GTI/Desktop/Nick Baetge/OL/OL22-2/Plate1.csv
83, Optics-C-6,1418,10000, All Events,1,0.2,1.61E+02,8.79,14.9, 30-NOV-2022 , 19:55:17 ,30.64,1.09,1,17.45,2.28, ---, ---, ---,0,0,0,0, ---, ---, ---, ---,0,0, ---, ---, ---, ---, ---, ---, ---, ---, ---, ---, ---, ---, ---, ---, ---, ---, ---, ---, ---, ---, RED-HLin,5,0.59,500,2, GUAVAHT\GTI, Unknown, C:/Documents and Settings/GTI/Desktop/Nick Baetge/OL/OL22-2/Plate1.csv
84, Optics-C-6,1328,10000, All Events,1,0.2,1.51E+02,8.79,14.9, 30-NOV-2022 , 19:55:51 ,30.64,1.09,1,17.45,2.28, ---, ---, ---,0,0,0,0, ---, ---, ---, ---,0,0, ---, ---, ---, ---, ---, ---, ---, ---, ---, ---, ---, ---, ---, ---, ---, ---, ---, ---, ---, ---, RED-HLin,5,0.59,500,2, GUAVAHT\GTI, Unknown, C:/Documents and Settings/GTI/Desktop/Nick Baetge/OL/OL22-2/Plate1.csv
3, Culture-A-7,1005,10000, All Events,1,0.2,1.14E+02,8.79,14.9, 30-NOV-2022 , 21:06:10 ,30.64,1.09,1,17.45,2.28, ---, ---, ---,0,0,0,0, ---, ---, ---, ---,0,0, ---, ---, ---, ---, ---, ---, ---, ---, ---, ---, ---, ---, ---, ---, ---, ---, ---, ---, ---, ---, RED-HLin,5,0.59,500,2, GUAVAHT\GTI, Unknown, C:/Documents and Settings/GTI/Desktop/Nick Baetge/OL/OL22-2/Plate2.csv
4, Culture-A-7,1203,10000, All Events,1,0.2,1.37E+02,8.79,14.9, 30-NOV-2022 , 21:06:58 ,30.64,1.09,1,17.45,2.28, ---, ---, ---,0,0,0,0, ---, ---, ---, ---,0,0, ---, ---, ---, ---, ---, ---, ---, ---, ---, ---, ---, ---, ---, ---, ---, ---, ---, ---, ---, ---, RED-HLin,5,0.59,500,2, GUAVAHT\GTI, Unknown, C:/Documents and Settings/GTI/Desktop/Nick Baetge/OL/OL22-2/Plate2.csv
5, Culture-B-7,761,10000, All Events,1,0.2,8.66E+01,8.79,14.9, 30-NOV-2022 , 21:07:35 ,30.64,1.09,1,17.45,2.28, ---, ---, ---,0,0,0,0, ---, ---, ---, ---,0,0, ---, ---, ---, ---, ---, ---, ---, ---, ---, ---, ---, ---, ---, ---, ---, ---, ---, ---, ---, ---, RED-HLin,5,0.59,500,2, GUAVAHT\GTI, Unknown, C:/Documents and Settings/GTI/Desktop/Nick Baetge/OL/OL22-2/Plate2.csv
6, Culture-B-7,1035,10000, All Events,1,0.2,1.18E+02,8.76,14.85, 30-NOV-2022 , 21:08:10 ,30.64,1.09,1,17.45,2.28, ---, ---, ---,0,0,0,0, ---, ---, ---, ---,0,0, ---, ---, ---, ---, ---, ---, ---, ---, ---, ---, ---, ---, ---, ---, ---, ---, ---, ---, ---, ---, RED-HLin,5,0.59,500,2, GUAVAHT\GTI, Unknown, C:/Documents and Settings/GTI/Desktop/Nick Baetge/OL/OL22-2/Plate2.csv
7, Culture-C-7,876,10000, All Events,1,0.2,9.97E+01,8.79,14.9, 30-NOV-2022 , 21:08:54 ,30.64,1.09,1,17.45,2.28, ---, ---, ---,0,0,0,0, ---, ---, ---, ---,0,0, ---, ---, ---, ---, ---, ---, ---, ---, ---, ---, ---, ---, ---, ---, ---, ---, ---, ---, ---, ---, RED-HLin,5,0.59,500,2, GUAVAHT\GTI, Unknown, C:/Documents and Settings/GTI/Desktop/Nick Baetge/OL/OL22-2/Plate2.csv
8, Culture-C-7,973,10000, All Events,1,0.2,1.11E+02,8.79,14.9, 30-NOV-2022 , 21:09:38 ,30.64,1.09,1,17.45,2.28, ---, ---, ---,0,0,0,0, ---, ---, ---, ---,0,0, ---, ---, ---, ---, ---, ---, ---, ---, ---, ---, ---, ---, ---, ---, ---, ---, ---, ---, ---, ---, RED-HLin,5,0.59,500,2, GUAVAHT\GTI, Unknown, C:/Documents and Settings/GTI/Desktop/Nick Baetge/OL/OL22-2/Plate2.csv
9, Optics-A-7,516,10000, All Events,1,0.2,5.87E+01,8.79,14.9, 30-NOV-2022 , 21:45:55 ,30.64,1.09,1,17.45,2.28, ---, ---, ---,0,0,0,0, ---, ---, ---, ---,0,0, ---, ---, ---, ---, ---, ---, ---, ---, ---, ---, ---, ---, ---, ---, ---, ---, ---, ---, ---, ---, RED-HLin,5,0.59,500,2, GUAVAHT\GTI, Unknown, C:/Documents and Settings/GTI/Desktop/Nick Baetge/OL/OL22-2/Plate2.csv
10, Optics-A-7,538,10000, All Events,1,0.2,6.12E+01,8.79,14.9, 30-NOV-2022 , 21:46:42 ,30.64,1.09,1,17.45,2.28, ---, ---, ---,0,0,0,0, ---, ---, ---, ---,0,0, ---, ---, ---, ---, ---, ---, ---, ---, ---, ---, ---, ---, ---, ---, ---, ---, ---, ---, ---, ---, RED-HLin,5,0.59,500,2, GUAVAHT\GTI, Unknown, C:/Documents and Settings/GTI/Desktop/Nick Baetge/OL/OL22-2/Plate2.csv
11, Optics-B-7,968,10000, All Events,1,0.2,1.11E+02,8.76,14.85, 30-NOV-2022 , 21:47:19 ,30.64,1.09,1,17.45,2.28, ---, ---, ---,0,0,0,0, ---, ---, ---, ---,0,0, ---, ---, ---, ---, ---, ---, ---, ---, ---, ---, ---, ---, ---, ---, ---, ---, ---, ---, ---, ---, RED-HLin,5,0.59,500,2, GUAVAHT\GTI, Unknown, C:/Documents and Settings/GTI/Desktop/Nick Baetge/OL/OL22-2/Plate2.csv
12, Optics-B-7,1031,10000, All Events,1,0.2,1.17E+02,8.79,14.9, 30-NOV-2022 , 21:47:57 ,30.64,1.09,1,17.45,2.28, ---, ---, ---,0,0,0,0, ---, ---, ---, ---,0,0, ---, ---, ---, ---, ---, ---, ---, ---, ---, ---, ---, ---, ---, ---, ---, ---, ---, ---, ---, ---, RED-HLin,5,0.59,500,2, GUAVAHT\GTI, Unknown, C:/Documents and Settings/GTI/Desktop/Nick Baetge/OL/OL22-2/Plate2.csv
13, Optics-C-7,1413,10000, All Events,1,0.2,1.61E+02,8.79,14.9, 30-NOV-2022 , 21:48:34 ,30.64,1.09,1,17.45,2.28, ---, ---, ---,0,0,0,0, ---, ---, ---, ---,0,0, ---, ---, ---, ---, ---, ---, ---, ---, ---, ---, ---, ---, ---, ---, ---, ---, ---, ---, ---, ---, RED-HLin,5,0.59,500,2, GUAVAHT\GTI, Unknown, C:/Documents and Settings/GTI/Desktop/Nick Baetge/OL/OL22-2/Plate2.csv
14, Optics-C-7,1497,10000, All Events,1,0.2,1.70E+02,8.79,14.9, 30-NOV-2022 , 21:49:08 ,30.64,1.09,1,17.45,2.28, ---, ---, ---,0,0,0,0, ---, ---, ---, ---,0,0, ---, ---, ---, ---, ---, ---, ---, ---, ---, ---, ---, ---, ---, ---, ---, ---, ---, ---, ---, ---, RED-HLin,5,0.59,500,2, GUAVAHT\GTI, Unknown, C:/Documents and Settings/GTI/Desktop/Nick Baetge/OL/OL22-2/Plate2.csv
17, Culture-A-8,1085,10000, All Events,1,0.2,1.23E+02,8.79,14.9, 30-NOV-2022 , 23:12:49 ,30.64,1.09,1,17.45,2.28, ---, ---, ---,0,0,0,0, ---, ---, ---, ---,0,0, ---, ---, ---, ---, ---, ---, ---, ---, ---, ---, ---, ---, ---, ---, ---, ---, ---, ---, ---, ---, RED-HLin,5,0.59,500,2, GUAVAHT\GTI, Unknown, C:/Documents and Settings/GTI/Desktop/Nick Baetge/OL/OL22-2/Plate2.csv
18, Culture-A-8,1069,10000, All Events,1,0.2,1.22E+02,8.79,14.9, 30-NOV-2022 , 23:13:36 ,30.64,1.09,1,17.45,2.28, ---, ---, ---,0,0,0,0, ---, ---, ---, ---,0,0, ---, ---, ---, ---, ---, ---, ---, ---, ---, ---, ---, ---, ---, ---, ---, ---, ---, ---, ---, ---, RED-HLin,5,0.59,500,2, GUAVAHT\GTI, Unknown, C:/Documents and Settings/GTI/Desktop/Nick Baetge/OL/OL22-2/Plate2.csv
19, Culture-B-8,838,10000, All Events,1,0.2,9.53E+01,8.79,14.9, 30-NOV-2022 , 23:14:14 ,30.64,1.09,1,17.45,2.28, ---, ---, ---,0,0,0,0, ---, ---, ---, ---,0,0, ---, ---, ---, ---, ---, ---, ---, ---, ---, ---, ---, ---, ---, ---, ---, ---, ---, ---, ---, ---, RED-HLin,5,0.59,500,2, GUAVAHT\GTI, Unknown, C:/Documents and Settings/GTI/Desktop/Nick Baetge/OL/OL22-2/Plate2.csv
20, Culture-B-8,923,10000, All Events,1,0.2,1.05E+02,8.79,14.9, 30-NOV-2022 , 23:14:51 ,30.64,1.09,1,17.45,2.28, ---, ---, ---,0,0,0,0, ---, ---, ---, ---,0,0, ---, ---, ---, ---, ---, ---, ---, ---, ---, ---, ---, ---, ---, ---, ---, ---, ---, ---, ---, ---, RED-HLin,5,0.59,500,2, GUAVAHT\GTI, Unknown, C:/Documents and Settings/GTI/Desktop/Nick Baetge/OL/OL22-2/Plate2.csv
21, Culture-C-8,979,10000, All Events,1,0.2,1.11E+02,8.79,14.9, 30-NOV-2022 , 23:15:29 ,30.64,1.09,1,17.45,2.28, ---, ---, ---,0,0,0,0, ---, ---, ---, ---,0,0, ---, ---, ---, ---, ---, ---, ---, ---, ---, ---, ---, ---, ---, ---, ---, ---, ---, ---, ---, ---, RED-HLin,5,0.59,500,2, GUAVAHT\GTI, Unknown, C:/Documents and Settings/GTI/Desktop/Nick Baetge/OL/OL22-2/Plate2.csv
22, Culture-C-8,983,10000, All Events,1,0.2,1.12E+02,8.79,14.9, 30-NOV-2022 , 23:16:03 ,30.64,1.09,1,17.45,2.28, ---, ---, ---,0,0,0,0, ---, ---, ---, ---,0,0, ---, ---, ---, ---, ---, ---, ---, ---, ---, ---, ---, ---, ---, ---, ---, ---, ---, ---, ---, ---, RED-HLin,5,0.59,500,2, GUAVAHT\GTI, Unknown, C:/Documents and Settings/GTI/Desktop/Nick Baetge/OL/OL22-2/Plate2.csv
23, Optics-A-8,614,10000, All Events,1,0.2,6.99E+01,8.79,14.9, 30-NOV-2022 , 23:53:43 ,30.64,1.09,1,17.45,2.28, ---, ---, ---,0,0,0,0, ---, ---, ---, ---,0,0, ---, ---, ---, ---, ---, ---, ---, ---, ---, ---, ---, ---, ---, ---, ---, ---, ---, ---, ---, ---, RED-HLin,5,0.59,500,2, GUAVAHT\GTI, Unknown, C:/Documents and Settings/GTI/Desktop/Nick Baetge/OL/OL22-2/Plate2.csv
24, Optics-A-8,624,10000, All Events,1,0.2,7.10E+01,8.79,14.9, 30-NOV-2022 , 23:54:31 ,30.64,1.09,1,17.45,2.28, ---, ---, ---,0,0,0,0, ---, ---, ---, ---,0,0, ---, ---, ---, ---, ---, ---, ---, ---, ---, ---, ---, ---, ---, ---, ---, ---, ---, ---, ---, ---, RED-HLin,5,0.59,500,2, GUAVAHT\GTI, Unknown, C:/Documents and Settings/GTI/Desktop/Nick Baetge/OL/OL22-2/Plate2.csv
25, Optics-B-8,1121,10000, All Events,1,0.2,1.28E+02,8.79,14.9, 30-NOV-2022 , 23:55:09 ,30.64,1.09,1,17.45,2.28, ---, ---, ---,0,0,0,0, ---, ---, ---, ---,0,0, ---, ---, ---, ---, ---, ---, ---, ---, ---, ---, ---, ---, ---, ---, ---, ---, ---, ---, ---, ---, RED-HLin,5,0.59,500,2, GUAVAHT\GTI, Unknown, C:/Documents and Settings/GTI/Desktop/Nick Baetge/OL/OL22-2/Plate2.csv
26, Optics-B-8,1126,10000, All Events,1,0.2,1.28E+02,8.79,14.9, 30-NOV-2022 , 23:55:46 ,30.64,1.09,1,17.45,2.28, ---, ---, ---,0,0,0,0, ---, ---, ---, ---,0,0, ---, ---, ---, ---, ---, ---, ---, ---, ---, ---, ---, ---, ---, ---, ---, ---, ---, ---, ---, ---, RED-HLin,5,0.59,500,2, GUAVAHT\GTI, Unknown, C:/Documents and Settings/GTI/Desktop/Nick Baetge/OL/OL22-2/Plate2.csv
27, Optics-C-8,1615,10000, All Events,1,0.2,1.84E+02,8.79,14.9, 30-NOV-2022 , 23:56:24 ,30.64,1.09,1,17.45,2.28, ---, ---, ---,0,0,0,0, ---, ---, ---, ---,0,0, ---, ---, ---, ---, ---, ---, ---, ---, ---, ---, ---, ---, ---, ---, ---, ---, ---, ---, ---, ---, RED-HLin,5,0.59,500,2, GUAVAHT\GTI, Unknown, C:/Documents and Settings/GTI/Desktop/Nick Baetge/OL/OL22-2/Plate2.csv
28, Optics-C-8,1587,10000, All Events,1,0.2,1.81E+02,8.79,14.9, 30-NOV-2022 , 23:56:59 ,30.64,1.09,1,17.45,2.28, ---, ---, ---,0,0,0,0, ---, ---, ---, ---,0,0, ---, ---, ---, ---, ---, ---, ---, ---, ---, ---, ---, ---, ---, ---, ---, ---, ---, ---, ---, ---, RED-HLin,5,0.59,500,2, GUAVAHT\GTI, Unknown, C:/Documents and Settings/GTI/Desktop/Nick Baetge/OL/OL22-2/Plate2.csv
31, Culture-A-9,1042,10000, All Events,1,0.2,1.19E+02,8.79,14.9, 01-DEC-2022 , 01:13:41 ,30.64,1.09,1,17.45,2.28, ---, ---, ---,0,0,0,0, ---, ---, ---, ---,0,0, ---, ---, ---, ---, ---, ---, ---, ---, ---, ---, ---, ---, ---, ---, ---, ---, ---, ---, ---, ---, RED-HLin,5,0.59,500,2, GUAVAHT\GTI, Unknown, C:/Documents and Settings/GTI/Desktop/Nick Baetge/OL/OL22-2/Plate2.csv
32, Culture-A-9,1067,10000, All Events,1,0.2,1.21E+02,8.79,14.9, 01-DEC-2022 , 01:14:29 ,30.64,1.09,1,17.45,2.28, ---, ---, ---,0,0,0,0, ---, ---, ---, ---,0,0, ---, ---, ---, ---, ---, ---, ---, ---, ---, ---, ---, ---, ---, ---, ---, ---, ---, ---, ---, ---, RED-HLin,5,0.59,500,2, GUAVAHT\GTI, Unknown, C:/Documents and Settings/GTI/Desktop/Nick Baetge/OL/OL22-2/Plate2.csv
33, Culture-B-9,1221,10000, All Events,1,0.2,1.39E+02,8.79,14.9, 01-DEC-2022 , 01:15:06 ,30.64,1.09,1,17.45,2.28, ---, ---, ---,0,0,0,0, ---, ---, ---, ---,0,0, ---, ---, ---, ---, ---, ---, ---, ---, ---, ---, ---, ---, ---, ---, ---, ---, ---, ---, ---, ---, RED-HLin,5,0.59,500,2, GUAVAHT\GTI, Unknown, C:/Documents and Settings/GTI/Desktop/Nick Baetge/OL/OL22-2/Plate2.csv
34, Culture-B-9,1215,10000, All Events,1,0.2,1.38E+02,8.79,14.9, 01-DEC-2022 , 01:15:44 ,30.64,1.09,1,17.45,2.28, ---, ---, ---,0,0,0,0, ---, ---, ---, ---,0,0, ---, ---, ---, ---, ---, ---, ---, ---, ---, ---, ---, ---, ---, ---, ---, ---, ---, ---, ---, ---, RED-HLin,5,0.59,500,2, GUAVAHT\GTI, Unknown, C:/Documents and Settings/GTI/Desktop/Nick Baetge/OL/OL22-2/Plate2.csv
35, Culture-C-9,1056,10000, All Events,1,0.2,1.20E+02,8.79,14.9, 01-DEC-2022 , 01:16:21 ,30.64,1.09,1,17.45,2.28, ---, ---, ---,0,0,0,0, ---, ---, ---, ---,0,0, ---, ---, ---, ---, ---, ---, ---, ---, ---, ---, ---, ---, ---, ---, ---, ---, ---, ---, ---, ---, RED-HLin,5,0.59,500,2, GUAVAHT\GTI, Unknown, C:/Documents and Settings/GTI/Desktop/Nick Baetge/OL/OL22-2/Plate2.csv
36, Culture-C-9,1083,10000, All Events,1,0.2,1.23E+02,8.79,14.9, 01-DEC-2022 , 01:16:56 ,30.64,1.09,1,17.45,2.28, ---, ---, ---,0,0,0,0, ---, ---, ---, ---,0,0, ---, ---, ---, ---, ---, ---, ---, ---, ---, ---, ---, ---, ---, ---, ---, ---, ---, ---, ---, ---, RED-HLin,5,0.59,500,2, GUAVAHT\GTI, Unknown, C:/Documents and Settings/GTI/Desktop/Nick Baetge/OL/OL22-2/Plate2.csv
37, Optics-A-9,734,10000, All Events,1,0.2,8.35E+01,8.79,14.9, 01-DEC-2022 , 01:52:13 ,30.64,1.09,1,17.45,2.28, ---, ---, ---,0,0,0,0, ---, ---, ---, ---,0,0, ---, ---, ---, ---, ---, ---, ---, ---, ---, ---, ---, ---, ---, ---, ---, ---, ---, ---, ---, ---, RED-HLin,5,0.59,500,2, GUAVAHT\GTI, Unknown, C:/Documents and Settings/GTI/Desktop/Nick Baetge/OL/OL22-2/Plate2.csv
38, Optics-A-9,707,10000, All Events,1,0.2,8.04E+01,8.79,14.9, 01-DEC-2022 , 01:52:58 ,30.64,1.09,1,17.45,2.28, ---, ---, ---,0,0,0,0, ---, ---, ---, ---,0,0, ---, ---, ---, ---, ---, ---, ---, ---, ---, ---, ---, ---, ---, ---, ---, ---, ---, ---, ---, ---, RED-HLin,5,0.59,500,2, GUAVAHT\GTI, Unknown, C:/Documents and Settings/GTI/Desktop/Nick Baetge/OL/OL22-2/Plate2.csv
39, Optics-B-9,1377,10000, All Events,1,0.2,1.57E+02,8.79,14.9, 01-DEC-2022 , 01:53:42 ,30.64,1.09,1,17.45,2.28, ---, ---, ---,0,0,0,0, ---, ---, ---, ---,0,0, ---, ---, ---, ---, ---, ---, ---, ---, ---, ---, ---, ---, ---, ---, ---, ---, ---, ---, ---, ---, RED-HLin,5,0.59,500,2, GUAVAHT\GTI, Unknown, C:/Documents and Settings/GTI/Desktop/Nick Baetge/OL/OL22-2/Plate2.csv
40, Optics-B-9,1348,10000, All Events,1,0.2,1.53E+02,8.79,14.9, 01-DEC-2022 , 01:54:29 ,30.64,1.09,1,17.45,2.28, ---, ---, ---,0,0,0,0, ---, ---, ---, ---,0,0, ---, ---, ---, ---, ---, ---, ---, ---, ---, ---, ---, ---, ---, ---, ---, ---, ---, ---, ---, ---, RED-HLin,5,0.59,500,2, GUAVAHT\GTI, Unknown, C:/Documents and Settings/GTI/Desktop/Nick Baetge/OL/OL22-2/Plate2.csv
41, Optics-C-9,1795,10000, All Events,1,0.2,2.04E+02,8.79,14.9, 01-DEC-2022 , 01:55:07 ,30.64,1.09,1,17.45,2.28, ---, ---, ---,0,0,0,0, ---, ---, ---, ---,0,0, ---, ---, ---, ---, ---, ---, ---, ---, ---, ---, ---, ---, ---, ---, ---, ---, ---, ---, ---, ---, RED-HLin,5,0.59,500,2, GUAVAHT\GTI, Unknown, C:/Documents and Settings/GTI/Desktop/Nick Baetge/OL/OL22-2/Plate2.csv
42, Optics-C-9,1713,10000, All Events,1,0.2,1.95E+02,8.79,14.9, 01-DEC-2022 , 01:55:41 ,30.64,1.09,1,17.45,2.28, ---, ---, ---,0,0,0,0, ---, ---, ---, ---,0,0, ---, ---, ---, ---, ---, ---, ---, ---, ---, ---, ---, ---, ---, ---, ---, ---, ---, ---, ---, ---, RED-HLin,5,0.59,500,2, GUAVAHT\GTI, Unknown, C:/Documents and Settings/GTI/Desktop/Nick Baetge/OL/OL22-2/Plate2.csv
45, Culture-A-10,1278,10000, All Events,1,0.2,1.45E+02,8.79,14.9, 01-DEC-2022 , 07:20:07 ,30.64,1.09,1,17.45,2.28, ---, ---, ---,0,0,0,0, ---, ---, ---, ---,0,0, ---, ---, ---, ---, ---, ---, ---, ---, ---, ---, ---, ---, ---, ---, ---, ---, ---, ---, ---, ---, RED-HLin,5,0.59,500,2, GUAVAHT\GTI, Unknown, C:/Documents and Settings/GTI/Desktop/Nick Baetge/OL/OL22-2/Plate2.csv
46, Culture-A-10,1349,10000, All Events,1,0.2,1.54E+02,8.79,14.9, 01-DEC-2022 , 07:20:55 ,30.64,1.09,1,17.45,2.28, ---, ---, ---,0,0,0,0, ---, ---, ---, ---,0,0, ---, ---, ---, ---, ---, ---, ---, ---, ---, ---, ---, ---, ---, ---, ---, ---, ---, ---, ---, ---, RED-HLin,5,0.59,500,2, GUAVAHT\GTI, Unknown, C:/Documents and Settings/GTI/Desktop/Nick Baetge/OL/OL22-2/Plate2.csv
47, Culture-B-10,1240,10000, All Events,1,0.2,1.41E+02,8.79,14.9, 01-DEC-2022 , 07:21:32 ,30.64,1.09,1,17.45,2.28, ---, ---, ---,0,0,0,0, ---, ---, ---, ---,0,0, ---, ---, ---, ---, ---, ---, ---, ---, ---, ---, ---, ---, ---, ---, ---, ---, ---, ---, ---, ---, RED-HLin,5,0.59,500,2, GUAVAHT\GTI, Unknown, C:/Documents and Settings/GTI/Desktop/Nick Baetge/OL/OL22-2/Plate2.csv
48, Culture-B-10,1110,10000, All Events,1,0.2,1.27E+02,8.76,14.85, 01-DEC-2022 , 07:22:07 ,30.64,1.09,1,17.45,2.28, ---, ---, ---,0,0,0,0, ---, ---, ---, ---,0,0, ---, ---, ---, ---, ---, ---, ---, ---, ---, ---, ---, ---, ---, ---, ---, ---, ---, ---, ---, ---, RED-HLin,5,0.59,500,2, GUAVAHT\GTI, Unknown, C:/Documents and Settings/GTI/Desktop/Nick Baetge/OL/OL22-2/Plate2.csv
49, Culture-C-10,1188,10000, All Events,1,0.2,1.35E+02,8.79,14.9, 01-DEC-2022 , 07:22:52 ,30.64,1.09,1,17.45,2.28, ---, ---, ---,0,0,0,0, ---, ---, ---, ---,0,0, ---, ---, ---, ---, ---, ---, ---, ---, ---, ---, ---, ---, ---, ---, ---, ---, ---, ---, ---, ---, RED-HLin,5,0.59,500,2, GUAVAHT\GTI, Unknown, C:/Documents and Settings/GTI/Desktop/Nick Baetge/OL/OL22-2/Plate2.csv
50, Culture-C-10,1178,10000, All Events,1,0.2,1.34E+02,8.79,14.9, 01-DEC-2022 , 07:23:37 ,30.64,1.09,1,17.45,2.28, ---, ---, ---,0,0,0,0, ---, ---, ---, ---,0,0, ---, ---, ---, ---, ---, ---, ---, ---, ---, ---, ---, ---, ---, ---, ---, ---, ---, ---, ---, ---, RED-HLin,5,0.59,500,2, GUAVAHT\GTI, Unknown, C:/Documents and Settings/GTI/Desktop/Nick Baetge/OL/OL22-2/Plate2.csv
51, Optics-A-10,729,10000, All Events,1,0.2,8.29E+01,8.79,14.9, 01-DEC-2022 , 07:57:31 ,30.64,1.09,1,17.45,2.28, ---, ---, ---,0,0,0,0, ---, ---, ---, ---,0,0, ---, ---, ---, ---, ---, ---, ---, ---, ---, ---, ---, ---, ---, ---, ---, ---, ---, ---, ---, ---, RED-HLin,5,0.59,500,2, GUAVAHT\GTI, Unknown, C:/Documents and Settings/GTI/Desktop/Nick Baetge/OL/OL22-2/Plate2.csv
52, Optics-A-10,709,10000, All Events,1,0.2,8.07E+01,8.79,14.9, 01-DEC-2022 , 07:58:18 ,30.64,1.09,1,17.45,2.28, ---, ---, ---,0,0,0,0, ---, ---, ---, ---,0,0, ---, ---, ---, ---, ---, ---, ---, ---, ---, ---, ---, ---, ---, ---, ---, ---, ---, ---, ---, ---, RED-HLin,5,0.59,500,2, GUAVAHT\GTI, Unknown, C:/Documents and Settings/GTI/Desktop/Nick Baetge/OL/OL22-2/Plate2.csv
53, Optics-B-10,1290,10000, All Events,1,0.2,1.47E+02,8.79,14.9, 01-DEC-2022 , 07:58:56 ,30.64,1.09,1,17.45,2.28, ---, ---, ---,0,0,0,0, ---, ---, ---, ---,0,0, ---, ---, ---, ---, ---, ---, ---, ---, ---, ---, ---, ---, ---, ---, ---, ---, ---, ---, ---, ---, RED-HLin,5,0.59,500,2, GUAVAHT\GTI, Unknown, C:/Documents and Settings/GTI/Desktop/Nick Baetge/OL/OL22-2/Plate2.csv
54, Optics-B-10,1343,10000, All Events,1,0.2,1.53E+02,8.79,14.9, 01-DEC-2022 , 07:59:34 ,30.64,1.09,1,17.45,2.28, ---, ---, ---,0,0,0,0, ---, ---, ---, ---,0,0, ---, ---, ---, ---, ---, ---, ---, ---, ---, ---, ---, ---, ---, ---, ---, ---, ---, ---, ---, ---, RED-HLin,5,0.59,500,2, GUAVAHT\GTI, Unknown, C:/Documents and Settings/GTI/Desktop/Nick Baetge/OL/OL22-2/Plate2.csv
55, Optics-C-10,1791,10000, All Events,1,0.2,2.04E+02,8.79,14.9, 01-DEC-2022 , 08:00:11 ,30.64,1.09,1,17.45,2.28, ---, ---, ---,0,0,0,0, ---, ---, ---, ---,0,0, ---, ---, ---, ---, ---, ---, ---, ---, ---, ---, ---, ---, ---, ---, ---, ---, ---, ---, ---, ---, RED-HLin,5,0.59,500,2, GUAVAHT\GTI, Unknown, C:/Documents and Settings/GTI/Desktop/Nick Baetge/OL/OL22-2/Plate2.csv
56, Optics-C-10,1930,10000, All Events,1,0.2,2.20E+02,8.79,14.9, 01-DEC-2022 , 08:00:45 ,30.64,1.09,1,17.45,2.28, ---, ---, ---,0,0,0,0, ---, ---, ---, ---,0,0, ---, ---, ---, ---, ---, ---, ---, ---, ---, ---, ---, ---, ---, ---, ---, ---, ---, ---, ---, ---, RED-HLin,5,0.59,500,2, GUAVAHT\GTI, Unknown, C:/Documents and Settings/GTI/Desktop/Nick Baetge/OL/OL22-2/Plate2.csv
59, Culture-A-11,1365,10000, All Events,1,0.2,1.55E+02,8.79,14.9, 01-DEC-2022 , 09:13:09 ,30.64,1.09,1,17.45,2.28, ---, ---, ---,0,0,0,0, ---, ---, ---, ---,0,0, ---, ---, ---, ---, ---, ---, ---, ---, ---, ---, ---, ---, ---, ---, ---, ---, ---, ---, ---, ---, RED-HLin,5,0.59,500,2, GUAVAHT\GTI, Unknown, C:/Documents and Settings/GTI/Desktop/Nick Baetge/OL/OL22-2/Plate2.csv
60, Culture-A-11,1298,10000, All Events,1,0.2,1.47E+02,8.82,14.95, 01-DEC-2022 , 09:13:57 ,30.64,1.09,1,17.45,2.28, ---, ---, ---,0,0,0,0, ---, ---, ---, ---,0,0, ---, ---, ---, ---, ---, ---, ---, ---, ---, ---, ---, ---, ---, ---, ---, ---, ---, ---, ---, ---, RED-HLin,5,0.59,500,2, GUAVAHT\GTI, Unknown, C:/Documents and Settings/GTI/Desktop/Nick Baetge/OL/OL22-2/Plate2.csv
61, Culture-B-11,1252,10000, All Events,1,0.2,1.42E+02,8.79,14.9, 01-DEC-2022 , 09:14:34 ,30.64,1.09,1,17.45,2.28, ---, ---, ---,0,0,0,0, ---, ---, ---, ---,0,0, ---, ---, ---, ---, ---, ---, ---, ---, ---, ---, ---, ---, ---, ---, ---, ---, ---, ---, ---, ---, RED-HLin,5,0.59,500,2, GUAVAHT\GTI, Unknown, C:/Documents and Settings/GTI/Desktop/Nick Baetge/OL/OL22-2/Plate2.csv
62, Culture-B-11,1333,10000, All Events,1,0.2,1.52E+02,8.79,14.9, 01-DEC-2022 , 09:15:12 ,30.64,1.09,1,17.45,2.28, ---, ---, ---,0,0,0,0, ---, ---, ---, ---,0,0, ---, ---, ---, ---, ---, ---, ---, ---, ---, ---, ---, ---, ---, ---, ---, ---, ---, ---, ---, ---, RED-HLin,5,0.59,500,2, GUAVAHT\GTI, Unknown, C:/Documents and Settings/GTI/Desktop/Nick Baetge/OL/OL22-2/Plate2.csv
63, Culture-C-11,1200,10000, All Events,1,0.2,1.37E+02,8.79,14.9, 01-DEC-2022 , 09:15:50 ,30.64,1.09,1,17.45,2.28, ---, ---, ---,0,0,0,0, ---, ---, ---, ---,0,0, ---, ---, ---, ---, ---, ---, ---, ---, ---, ---, ---, ---, ---, ---, ---, ---, ---, ---, ---, ---, RED-HLin,5,0.59,500,2, GUAVAHT\GTI, Unknown, C:/Documents and Settings/GTI/Desktop/Nick Baetge/OL/OL22-2/Plate2.csv
64, Culture-C-11,1139,10000, All Events,1,0.2,1.30E+02,8.79,14.9, 01-DEC-2022 , 09:16:24 ,30.64,1.09,1,17.45,2.28, ---, ---, ---,0,0,0,0, ---, ---, ---, ---,0,0, ---, ---, ---, ---, ---, ---, ---, ---, ---, ---, ---, ---, ---, ---, ---, ---, ---, ---, ---, ---, RED-HLin,5,0.59,500,2, GUAVAHT\GTI, Unknown, C:/Documents and Settings/GTI/Desktop/Nick Baetge/OL/OL22-2/Plate2.csv
65, Optics-A-11,725,10000, All Events,1,0.2,8.25E+01,8.79,14.9, 01-DEC-2022 , 09:55:41 ,30.64,1.09,1,17.45,2.28, ---, ---, ---,0,0,0,0, ---, ---, ---, ---,0,0, ---, ---, ---, ---, ---, ---, ---, ---, ---, ---, ---, ---, ---, ---, ---, ---, ---, ---, ---, ---, RED-HLin,5,0.59,500,2, GUAVAHT\GTI, Unknown, C:/Documents and Settings/GTI/Desktop/Nick Baetge/OL/OL22-2/Plate2.csv
66, Optics-A-11,688,10000, All Events,1,0.2,7.83E+01,8.79,14.9, 01-DEC-2022 , 09:56:28 ,30.64,1.09,1,17.45,2.28, ---, ---, ---,0,0,0,0, ---, ---, ---, ---,0,0, ---, ---, ---, ---, ---, ---, ---, ---, ---, ---, ---, ---, ---, ---, ---, ---, ---, ---, ---, ---, RED-HLin,5,0.59,500,2, GUAVAHT\GTI, Unknown, C:/Documents and Settings/GTI/Desktop/Nick Baetge/OL/OL22-2/Plate2.csv
67, Optics-B-11,1392,10000, All Events,1,0.2,1.58E+02,8.79,14.9, 01-DEC-2022 , 09:57:06 ,30.64,1.09,1,17.45,2.28, ---, ---, ---,0,0,0,0, ---, ---, ---, ---,0,0, ---, ---, ---, ---, ---, ---, ---, ---, ---, ---, ---, ---, ---, ---, ---, ---, ---, ---, ---, ---, RED-HLin,5,0.59,500,2, GUAVAHT\GTI, Unknown, C:/Documents and Settings/GTI/Desktop/Nick Baetge/OL/OL22-2/Plate2.csv
68, Optics-B-11,1322,10000, All Events,1,0.2,1.50E+02,8.79,14.9, 01-DEC-2022 , 09:57:44 ,30.64,1.09,1,17.45,2.28, ---, ---, ---,0,0,0,0, ---, ---, ---, ---,0,0, ---, ---, ---, ---, ---, ---, ---, ---, ---, ---, ---, ---, ---, ---, ---, ---, ---, ---, ---, ---, RED-HLin,5,0.59,500,2, GUAVAHT\GTI, Unknown, C:/Documents and Settings/GTI/Desktop/Nick Baetge/OL/OL22-2/Plate2.csv
69, Optics-C-11,1912,10000, All Events,1,0.2,2.18E+02,8.79,14.9, 01-DEC-2022 , 09:58:22 ,30.64,1.09,1,17.45,2.28, ---, ---, ---,0,0,0,0, ---, ---, ---, ---,0,0, ---, ---, ---, ---, ---, ---, ---, ---, ---, ---, ---, ---, ---, ---, ---, ---, ---, ---, ---, ---, RED-HLin,5,0.59,500,2, GUAVAHT\GTI, Unknown, C:/Documents and Settings/GTI/Desktop/Nick Baetge/OL/OL22-2/Plate2.csv
70, Optics-C-11,1953,10000, All Events,1,0.2,2.22E+02,8.79,14.9, 01-DEC-2022 , 09:58:56 ,30.64,1.09,1,17.45,2.28, ---, ---, ---,0,0,0,0, ---, ---, ---, ---,0,0, ---, ---, ---, ---, ---, ---, ---, ---, ---, ---, ---, ---, ---, ---, ---, ---, ---, ---, ---, ---, RED-HLin,5,0.59,500,2, GUAVAHT\GTI, Unknown, C:/Documents and Settings/GTI/Desktop/Nick Baetge/OL/OL22-2/Plate2.csv
73, Culture-A-12,1211,10000, All Events,1,0.2,1.38E+02,8.79,14.9, 01-DEC-2022 , 11:09:36 ,30.64,1.09,1,17.45,2.28, ---, ---, ---,0,0,0,0, ---, ---, ---, ---,0,0, ---, ---, ---, ---, ---, ---, ---, ---, ---, ---, ---, ---, ---, ---, ---, ---, ---, ---, ---, ---, RED-HLin,5,0.59,500,2, GUAVAHT\GTI, Unknown, C:/Documents and Settings/GTI/Desktop/Nick Baetge/OL/OL22-2/Plate2.csv
74, Culture-A-12,1205,10000, All Events,1,0.2,1.37E+02,8.79,14.9, 01-DEC-2022 , 11:10:24 ,30.64,1.09,1,17.45,2.28, ---, ---, ---,0,0,0,0, ---, ---, ---, ---,0,0, ---, ---, ---, ---, ---, ---, ---, ---, ---, ---, ---, ---, ---, ---, ---, ---, ---, ---, ---, ---, RED-HLin,5,0.59,500,2, GUAVAHT\GTI, Unknown, C:/Documents and Settings/GTI/Desktop/Nick Baetge/OL/OL22-2/Plate2.csv
75, Culture-B-12,1145,10000, All Events,1,0.2,1.30E+02,8.79,14.9, 01-DEC-2022 , 11:11:02 ,30.64,1.09,1,17.45,2.28, ---, ---, ---,0,0,0,0, ---, ---, ---, ---,0,0, ---, ---, ---, ---, ---, ---, ---, ---, ---, ---, ---, ---, ---, ---, ---, ---, ---, ---, ---, ---, RED-HLin,5,0.59,500,2, GUAVAHT\GTI, Unknown, C:/Documents and Settings/GTI/Desktop/Nick Baetge/OL/OL22-2/Plate2.csv
76, Culture-B-12,1113,10000, All Events,1,0.2,1.27E+02,8.79,14.9, 01-DEC-2022 , 11:11:40 ,30.64,1.09,1,17.45,2.28, ---, ---, ---,0,0,0,0, ---, ---, ---, ---,0,0, ---, ---, ---, ---, ---, ---, ---, ---, ---, ---, ---, ---, ---, ---, ---, ---, ---, ---, ---, ---, RED-HLin,5,0.59,500,2, GUAVAHT\GTI, Unknown, C:/Documents and Settings/GTI/Desktop/Nick Baetge/OL/OL22-2/Plate2.csv
77, Culture-C-12,1503,10000, All Events,1,0.2,1.71E+02,8.79,14.9, 01-DEC-2022 , 11:12:18 ,30.64,1.09,1,17.45,2.28, ---, ---, ---,0,0,0,0, ---, ---, ---, ---,0,0, ---, ---, ---, ---, ---, ---, ---, ---, ---, ---, ---, ---, ---, ---, ---, ---, ---, ---, ---, ---, RED-HLin,5,0.59,500,2, GUAVAHT\GTI, Unknown, C:/Documents and Settings/GTI/Desktop/Nick Baetge/OL/OL22-2/Plate2.csv
78, Culture-C-12,1495,10000, All Events,1,0.2,1.70E+02,8.79,14.9, 01-DEC-2022 , 11:12:52 ,30.64,1.09,1,17.45,2.28, ---, ---, ---,0,0,0,0, ---, ---, ---, ---,0,0, ---, ---, ---, ---, ---, ---, ---, ---, ---, ---, ---, ---, ---, ---, ---, ---, ---, ---, ---, ---, RED-HLin,5,0.59,500,2, GUAVAHT\GTI, Unknown, C:/Documents and Settings/GTI/Desktop/Nick Baetge/OL/OL22-2/Plate2.csv
79, Optics-A-12,722,10000, All Events,1,0.2,8.21E+01,8.79,14.9, 01-DEC-2022 , 11:48:12 ,30.64,1.09,1,17.45,2.28, ---, ---, ---,0,0,0,0, ---, ---, ---, ---,0,0, ---, ---, ---, ---, ---, ---, ---, ---, ---, ---, ---, ---, ---, ---, ---, ---, ---, ---, ---, ---, RED-HLin,5,0.59,500,2, GUAVAHT\GTI, Unknown, C:/Documents and Settings/GTI/Desktop/Nick Baetge/OL/OL22-2/Plate2.csv
80, Optics-A-12,765,10000, All Events,1,0.2,8.70E+01,8.79,14.9, 01-DEC-2022 , 11:48:56 ,30.64,1.09,1,17.45,2.28, ---, ---, ---,0,0,0,0, ---, ---, ---, ---,0,0, ---, ---, ---, ---, ---, ---, ---, ---, ---, ---, ---, ---, ---, ---, ---, ---, ---, ---, ---, ---, RED-HLin,5,0.59,500,2, GUAVAHT\GTI, Unknown, C:/Documents and Settings/GTI/Desktop/Nick Baetge/OL/OL22-2/Plate2.csv
81, Optics-B-12,1265,10000, All Events,1,0.2,1.44E+02,8.79,14.9, 01-DEC-2022 , 11:49:41 ,30.64,1.09,1,17.45,2.28, ---, ---, ---,0,0,0,0, ---, ---, ---, ---,0,0, ---, ---, ---, ---, ---, ---, ---, ---, ---, ---, ---, ---, ---, ---, ---, ---, ---, ---, ---, ---, RED-HLin,5,0.59,500,2, GUAVAHT\GTI, Unknown, C:/Documents and Settings/GTI/Desktop/Nick Baetge/OL/OL22-2/Plate2.csv
82, Optics-B-12,1296,10000, All Events,1,0.2,1.47E+02,8.79,14.9, 01-DEC-2022 , 11:50:29 ,30.64,1.09,1,17.45,2.28, ---, ---, ---,0,0,0,0, ---, ---, ---, ---,0,0, ---, ---, ---, ---, ---, ---, ---, ---, ---, ---, ---, ---, ---, ---, ---, ---, ---, ---, ---, ---, RED-HLin,5,0.59,500,2, GUAVAHT\GTI, Unknown, C:/Documents and Settings/GTI/Desktop/Nick Baetge/OL/OL22-2/Plate2.csv
83, Optics-C-12,1888,10000, All Events,1,0.2,2.15E+02,8.79,14.9, 01-DEC-2022 , 11:51:07 ,30.64,1.09,1,17.45,2.28, ---, ---, ---,0,0,0,0, ---, ---, ---, ---,0,0, ---, ---, ---, ---, ---, ---, ---, ---, ---, ---, ---, ---, ---, ---, ---, ---, ---, ---, ---, ---, RED-HLin,5,0.59,500,2, GUAVAHT\GTI, Unknown, C:/Documents and Settings/GTI/Desktop/Nick Baetge/OL/OL22-2/Plate2.csv
84, Optics-C-12,1933,10000, All Events,1,0.2,2.20E+02,8.79,14.9, 01-DEC-2022 , 11:51:41 ,30.64,1.09,1,17.45,2.28, ---, ---, ---,0,0,0,0, ---, ---, ---, ---,0,0, ---, ---, ---, ---, ---, ---, ---, ---, ---, ---, ---, ---, ---, ---, ---, ---, ---, ---, ---, ---, RED-HLin,5,0.59,500,2, GUAVAHT\GTI, Unknown, C:/Documents and Settings/GTI/Desktop/Nick Baetge/OL/OL22-2/Plate2.csv