Current Date: 17-Aug-2022,,,,,,,,,,,,,,,,,,,,,,,,,,,,,,,,,,,,,,,,,,,,,,,,,,,,,,,,,
Instrument Serial Number: 6735115039,,,,,,,,,,,,,,,,,,,,,,,,,,,,,,,,,,,,,,,,,,,,,,,,,,,,,,,,,
Software Name: InCyte,,,,,,,,,,,,,,,,,,,,,,,,,,,,,,,,,,,,,,,,,,,,,,,,,,,,,,,,,
Version Number: 2.2.2,,,,,,,,,,,,,,,,,,,,,,,,,,,,,,,,,,,,,,,,,,,,,,,,,,,,,,,,,
,,,,,,,,,,,,,,,,,,,,,,,,,,,,,,,,,,,,,,,,,,,,,,,,,,,,,,,,,
,,,,,,,,,,,,,,,,,,,,,,,,,,,,,,,,,,,,,,,,,,,,,,,,,,,,,,,,,
,,,,,,,,,,,,Gains,,,,,,,,Compensation,,,,,,,,,,,,,,,,,,,,,,,,,,,,,,,,,,,,,
  Sample Number ,  Sample ID ,  Number of Events ,  Termination Count ,  Count Gate ,  Dilution Factor ,  Original Volume ,  Cells/µL ,  Total Volume (µL) ,  Acquisition Time (s) ,  Date of Acquisition ,  Time of Acquisition ,  FSC Gain ,  SSC ,  GRN ,  YEL ,  RED ,  NIR ,  RED2 ,  NIR2 ,  GRN - %YEL ,  YEL - %GRN ,  RED - %YEL ,  YEL - %RED ,  RED - %NIR ,  NIR - %RED ,  YEL - %NIR ,  NIR - %YEL ,  GRN - %RED ,  RED - %GRN ,  GRN - %NIR ,  NIR - %GRN ,  RED2 - %YEL ,   YEL - %RED2 ,   RED2 - %RED ,   RED - %RED2 ,   RED2 - %GRN ,   GRN - %RED2 ,   RED2 - %NIR ,   NIR - %RED2 ,   RED2 - %NIR2 ,   NIR2 - %RED2 ,  NIR2 - %YEL ,   YEL - %NIR2 ,   NIR2 - %RED ,   RED - %NIR2 ,   NIR2 - %GRN ,   GRN - %NIR2 ,   NIR2 - %NIR ,   NIR - %NIR2 ,  Threshold Parameter ,  Threshold Value ,  Flow Rate (µL/s) ,  High Concentration Warning Trigger ,  # of Errors & Warnings ,  User Login Name ,  User Full Name ,   WorkList 
1, Culture-X-1,10000,10000, All Events,1,0.2,8.44E+02,11.85,20.08, 16-AUG-2022 , 09:16:36 ,36.44,6.17,1,1,1, ---, ---, ---,0,0,0,0, ---, ---, ---, ---,0,0, ---, ---, ---, ---, ---, ---, ---, ---, ---, ---, ---, ---, ---, ---, ---, ---, ---, ---, ---, ---, RED-HLin,2,0.59,500,2, GUAVAHT\GTI, Unknown, C:/Documents and Settings/GTI/Desktop/Nick Baetge/Syn/2022/8/SYN22-4/Plate1.csv
2, Culture-X-1,10000,10000, All Events,1,0.2,7.72E+02,12.96,21.96, 16-AUG-2022 , 09:17:31 ,36.44,6.17,1,1,1, ---, ---, ---,0,0,0,0, ---, ---, ---, ---,0,0, ---, ---, ---, ---, ---, ---, ---, ---, ---, ---, ---, ---, ---, ---, ---, ---, ---, ---, ---, ---, RED-HLin,2,0.59,500,2, GUAVAHT\GTI, Unknown, C:/Documents and Settings/GTI/Desktop/Nick Baetge/Syn/2022/8/SYN22-4/Plate1.csv
3, Culture-Y-1,10000,10000, All Events,1,0.2,8.26E+02,12.1,20.51, 16-AUG-2022 , 09:18:14 ,36.44,6.17,1,1,1, ---, ---, ---,0,0,0,0, ---, ---, ---, ---,0,0, ---, ---, ---, ---, ---, ---, ---, ---, ---, ---, ---, ---, ---, ---, ---, ---, ---, ---, ---, ---, RED-HLin,2,0.59,500,2, GUAVAHT\GTI, Unknown, C:/Documents and Settings/GTI/Desktop/Nick Baetge/Syn/2022/8/SYN22-4/Plate1.csv
4, Culture-Y-1,10000,10000, All Events,1,0.2,9.35E+02,10.69,18.12, 16-AUG-2022 , 09:18:51 ,36.44,6.17,1,1,1, ---, ---, ---,0,0,0,0, ---, ---, ---, ---,0,0, ---, ---, ---, ---, ---, ---, ---, ---, ---, ---, ---, ---, ---, ---, ---, ---, ---, ---, ---, ---, RED-HLin,2,0.59,500,2, GUAVAHT\GTI, Unknown, C:/Documents and Settings/GTI/Desktop/Nick Baetge/Syn/2022/8/SYN22-4/Plate1.csv
5, Culture-X-2,10000,10000, All Events,1,0.2,9.05E+02,11.05,18.72, 16-AUG-2022 , 11:17:02 ,36.44,6.17,1,1,1, ---, ---, ---,0,0,0,0, ---, ---, ---, ---,0,0, ---, ---, ---, ---, ---, ---, ---, ---, ---, ---, ---, ---, ---, ---, ---, ---, ---, ---, ---, ---, RED-HLin,2,0.59,500,2, GUAVAHT\GTI, Unknown, C:/Documents and Settings/GTI/Desktop/Nick Baetge/Syn/2022/8/SYN22-4/Plate1.csv
6, Culture-X-2,10000,10000, All Events,1,0.2,7.57E+02,13.2,22.38, 16-AUG-2022 , 11:17:57 ,36.44,6.17,1,1,1, ---, ---, ---,0,0,0,0, ---, ---, ---, ---,0,0, ---, ---, ---, ---, ---, ---, ---, ---, ---, ---, ---, ---, ---, ---, ---, ---, ---, ---, ---, ---, RED-HLin,2,0.59,500,2, GUAVAHT\GTI, Unknown, C:/Documents and Settings/GTI/Desktop/Nick Baetge/Syn/2022/8/SYN22-4/Plate1.csv
7, Culture-Y-2,10000,10000, All Events,1,0.2,9.33E+02,10.71,18.16, 16-AUG-2022 , 11:18:38 ,36.44,6.17,1,1,1, ---, ---, ---,0,0,0,0, ---, ---, ---, ---,0,0, ---, ---, ---, ---, ---, ---, ---, ---, ---, ---, ---, ---, ---, ---, ---, ---, ---, ---, ---, ---, RED-HLin,2,0.59,500,2, GUAVAHT\GTI, Unknown, C:/Documents and Settings/GTI/Desktop/Nick Baetge/Syn/2022/8/SYN22-4/Plate1.csv
8, Culture-Y-2,10000,10000, All Events,1,0.2,7.89E+02,12.68,21.49, 16-AUG-2022 , 11:19:18 ,36.44,6.17,1,1,1, ---, ---, ---,0,0,0,0, ---, ---, ---, ---,0,0, ---, ---, ---, ---, ---, ---, ---, ---, ---, ---, ---, ---, ---, ---, ---, ---, ---, ---, ---, ---, RED-HLin,2,0.59,500,2, GUAVAHT\GTI, Unknown, C:/Documents and Settings/GTI/Desktop/Nick Baetge/Syn/2022/8/SYN22-4/Plate1.csv
9, Culture-X-3,10000,10000, All Events,1,0.2,7.31E+02,13.67,23.18, 16-AUG-2022 , 13:31:01 ,36.44,6.17,1,1,1, ---, ---, ---,0,0,0,0, ---, ---, ---, ---,0,0, ---, ---, ---, ---, ---, ---, ---, ---, ---, ---, ---, ---, ---, ---, ---, ---, ---, ---, ---, ---, RED-HLin,2,0.59,500,2, GUAVAHT\GTI, Unknown, C:/Documents and Settings/GTI/Desktop/Nick Baetge/Syn/2022/8/SYN22-4/Plate1.csv
10, Culture-X-3,10000,10000, All Events,1,0.2,8.26E+02,12.11,20.52, 16-AUG-2022 , 13:31:44 ,36.44,6.17,1,1,1, ---, ---, ---,0,0,0,0, ---, ---, ---, ---,0,0, ---, ---, ---, ---, ---, ---, ---, ---, ---, ---, ---, ---, ---, ---, ---, ---, ---, ---, ---, ---, RED-HLin,2,0.59,500,2, GUAVAHT\GTI, Unknown, C:/Documents and Settings/GTI/Desktop/Nick Baetge/Syn/2022/8/SYN22-4/Plate1.csv
11, Culture-Y-3,10000,10000, All Events,1,0.2,7.88E+02,12.7,21.52, 16-AUG-2022 , 13:32:29 ,36.44,6.17,1,1,1, ---, ---, ---,0,0,0,0, ---, ---, ---, ---,0,0, ---, ---, ---, ---, ---, ---, ---, ---, ---, ---, ---, ---, ---, ---, ---, ---, ---, ---, ---, ---, RED-HLin,2,0.59,500,2, GUAVAHT\GTI, Unknown, C:/Documents and Settings/GTI/Desktop/Nick Baetge/Syn/2022/8/SYN22-4/Plate1.csv
12, Culture-Y-3,10000,10000, All Events,1,0.2,8.14E+02,12.28,20.82, 16-AUG-2022 , 13:33:09 ,36.44,6.17,1,1,1, ---, ---, ---,0,0,0,0, ---, ---, ---, ---,0,0, ---, ---, ---, ---, ---, ---, ---, ---, ---, ---, ---, ---, ---, ---, ---, ---, ---, ---, ---, ---, RED-HLin,2,0.59,500,2, GUAVAHT\GTI, Unknown, C:/Documents and Settings/GTI/Desktop/Nick Baetge/Syn/2022/8/SYN22-4/Plate1.csv
13, Culture-X-4,10000,10000, All Events,1,0.2,8.34E+02,11.99,20.32, 16-AUG-2022 , 15:20:39 ,36.44,6.17,1,1,1, ---, ---, ---,0,0,0,0, ---, ---, ---, ---,0,0, ---, ---, ---, ---, ---, ---, ---, ---, ---, ---, ---, ---, ---, ---, ---, ---, ---, ---, ---, ---, RED-HLin,2,0.59,500,2, GUAVAHT\GTI, Unknown, C:/Documents and Settings/GTI/Desktop/Nick Baetge/Syn/2022/8/SYN22-4/Plate1.csv
14, Culture-X-4,10000,10000, All Events,1,0.2,8.66E+02,11.55,19.58, 16-AUG-2022 , 15:21:31 ,36.44,6.17,1,1,1, ---, ---, ---,0,0,0,0, ---, ---, ---, ---,0,0, ---, ---, ---, ---, ---, ---, ---, ---, ---, ---, ---, ---, ---, ---, ---, ---, ---, ---, ---, ---, RED-HLin,2,0.59,500,2, GUAVAHT\GTI, Unknown, C:/Documents and Settings/GTI/Desktop/Nick Baetge/Syn/2022/8/SYN22-4/Plate1.csv
15, Culture-Y-4,10000,10000, All Events,1,0.2,8.98E+02,11.14,18.88, 16-AUG-2022 , 15:22:13 ,36.44,6.17,1,1,1, ---, ---, ---,0,0,0,0, ---, ---, ---, ---,0,0, ---, ---, ---, ---, ---, ---, ---, ---, ---, ---, ---, ---, ---, ---, ---, ---, ---, ---, ---, ---, RED-HLin,2,0.59,500,2, GUAVAHT\GTI, Unknown, C:/Documents and Settings/GTI/Desktop/Nick Baetge/Syn/2022/8/SYN22-4/Plate1.csv
16, Culture-Y-4,10000,10000, All Events,1,0.2,1.01E+03,9.9,16.78, 16-AUG-2022 , 15:22:49 ,36.44,6.17,1,1,1, ---, ---, ---,0,0,0,0, ---, ---, ---, ---,0,0, ---, ---, ---, ---, ---, ---, ---, ---, ---, ---, ---, ---, ---, ---, ---, ---, ---, ---, ---, ---, RED-HLin,2,0.59,500,2, GUAVAHT\GTI, Unknown, C:/Documents and Settings/GTI/Desktop/Nick Baetge/Syn/2022/8/SYN22-4/Plate1.csv
17, Culture-X-5,10000,10000, All Events,1,0.2,7.67E+02,13.04,22.1, 16-AUG-2022 , 17:13:37 ,36.44,6.17,1,1,1, ---, ---, ---,0,0,0,0, ---, ---, ---, ---,0,0, ---, ---, ---, ---, ---, ---, ---, ---, ---, ---, ---, ---, ---, ---, ---, ---, ---, ---, ---, ---, RED-HLin,2,0.59,500,2, GUAVAHT\GTI, Unknown, C:/Documents and Settings/GTI/Desktop/Nick Baetge/Syn/2022/8/SYN22-4/Plate1.csv
18, Culture-X-5,10000,10000, All Events,1,0.2,8.26E+02,12.11,20.53, 16-AUG-2022 , 17:14:31 ,36.44,6.17,1,1,1, ---, ---, ---,0,0,0,0, ---, ---, ---, ---,0,0, ---, ---, ---, ---, ---, ---, ---, ---, ---, ---, ---, ---, ---, ---, ---, ---, ---, ---, ---, ---, RED-HLin,2,0.59,500,2, GUAVAHT\GTI, Unknown, C:/Documents and Settings/GTI/Desktop/Nick Baetge/Syn/2022/8/SYN22-4/Plate1.csv
19, Culture-Y-5,10000,10000, All Events,1,0.2,9.49E+02,10.54,17.87, 16-AUG-2022 , 17:15:12 ,36.44,6.17,1,1,1, ---, ---, ---,0,0,0,0, ---, ---, ---, ---,0,0, ---, ---, ---, ---, ---, ---, ---, ---, ---, ---, ---, ---, ---, ---, ---, ---, ---, ---, ---, ---, RED-HLin,2,0.59,500,2, GUAVAHT\GTI, Unknown, C:/Documents and Settings/GTI/Desktop/Nick Baetge/Syn/2022/8/SYN22-4/Plate1.csv
20, Culture-Y-5,10000,10000, All Events,1,0.2,8.80E+02,11.36,19.26, 16-AUG-2022 , 17:15:50 ,36.44,6.17,1,1,1, ---, ---, ---,0,0,0,0, ---, ---, ---, ---,0,0, ---, ---, ---, ---, ---, ---, ---, ---, ---, ---, ---, ---, ---, ---, ---, ---, ---, ---, ---, ---, RED-HLin,2,0.59,500,2, GUAVAHT\GTI, Unknown, C:/Documents and Settings/GTI/Desktop/Nick Baetge/Syn/2022/8/SYN22-4/Plate1.csv
21, Culture-X-6,10000,10000, All Events,1,0.2,9.40E+02,10.64,18.04, 16-AUG-2022 , 19:17:22 ,36.44,6.17,1,1,1, ---, ---, ---,0,0,0,0, ---, ---, ---, ---,0,0, ---, ---, ---, ---, ---, ---, ---, ---, ---, ---, ---, ---, ---, ---, ---, ---, ---, ---, ---, ---, RED-HLin,2,0.59,500,2, GUAVAHT\GTI, Unknown, C:/Documents and Settings/GTI/Desktop/Nick Baetge/Syn/2022/8/SYN22-4/Plate1.csv
22, Culture-X-6,10000,10000, All Events,1,0.2,1.14E+03,8.81,14.93, 16-AUG-2022 , 19:18:10 ,36.44,6.17,1,1,1, ---, ---, ---,0,0,0,0, ---, ---, ---, ---,0,0, ---, ---, ---, ---, ---, ---, ---, ---, ---, ---, ---, ---, ---, ---, ---, ---, ---, ---, ---, ---, RED-HLin,2,0.59,500,2, GUAVAHT\GTI, Unknown, C:/Documents and Settings/GTI/Desktop/Nick Baetge/Syn/2022/8/SYN22-4/Plate1.csv
23, Culture-Y-6,10000,10000, All Events,1,0.2,9.99E+02,10.02,16.97, 16-AUG-2022 , 19:18:50 ,36.44,6.17,1,1,1, ---, ---, ---,0,0,0,0, ---, ---, ---, ---,0,0, ---, ---, ---, ---, ---, ---, ---, ---, ---, ---, ---, ---, ---, ---, ---, ---, ---, ---, ---, ---, RED-HLin,2,0.59,500,2, GUAVAHT\GTI, Unknown, C:/Documents and Settings/GTI/Desktop/Nick Baetge/Syn/2022/8/SYN22-4/Plate1.csv
24, Culture-Y-6,10000,10000, All Events,1,0.2,1.10E+03,9.07,15.38, 16-AUG-2022 , 19:19:25 ,36.44,6.17,1,1,1, ---, ---, ---,0,0,0,0, ---, ---, ---, ---,0,0, ---, ---, ---, ---, ---, ---, ---, ---, ---, ---, ---, ---, ---, ---, ---, ---, ---, ---, ---, ---, RED-HLin,2,0.59,500,2, GUAVAHT\GTI, Unknown, C:/Documents and Settings/GTI/Desktop/Nick Baetge/Syn/2022/8/SYN22-4/Plate1.csv
25, Culture-X-7,10000,10000, All Events,1,0.2,1.14E+03,8.75,14.82, 16-AUG-2022 , 21:17:28 ,36.44,6.17,1,1,1, ---, ---, ---,0,0,0,0, ---, ---, ---, ---,0,0, ---, ---, ---, ---, ---, ---, ---, ---, ---, ---, ---, ---, ---, ---, ---, ---, ---, ---, ---, ---, RED-HLin,2,0.59,500,2, GUAVAHT\GTI, Unknown, C:/Documents and Settings/GTI/Desktop/Nick Baetge/Syn/2022/8/SYN22-4/Plate1.csv
26, Culture-X-7,10000,10000, All Events,1,0.2,1.05E+03,9.56,16.2, 16-AUG-2022 , 21:18:17 ,36.44,6.17,1,1,1, ---, ---, ---,0,0,0,0, ---, ---, ---, ---,0,0, ---, ---, ---, ---, ---, ---, ---, ---, ---, ---, ---, ---, ---, ---, ---, ---, ---, ---, ---, ---, RED-HLin,2,0.59,500,2, GUAVAHT\GTI, Unknown, C:/Documents and Settings/GTI/Desktop/Nick Baetge/Syn/2022/8/SYN22-4/Plate1.csv
27, Culture-Y-7,10000,10000, All Events,1,0.2,1.07E+03,9.34,15.82, 16-AUG-2022 , 21:18:56 ,36.44,6.17,1,1,1, ---, ---, ---,0,0,0,0, ---, ---, ---, ---,0,0, ---, ---, ---, ---, ---, ---, ---, ---, ---, ---, ---, ---, ---, ---, ---, ---, ---, ---, ---, ---, RED-HLin,2,0.59,500,2, GUAVAHT\GTI, Unknown, C:/Documents and Settings/GTI/Desktop/Nick Baetge/Syn/2022/8/SYN22-4/Plate1.csv
28, Culture-Y-7,10000,10000, All Events,1,0.2,1.48E+03,6.76,11.45, 16-AUG-2022 , 21:19:27 ,36.44,6.17,1,1,1, ---, ---, ---,0,0,0,0, ---, ---, ---, ---,0,0, ---, ---, ---, ---, ---, ---, ---, ---, ---, ---, ---, ---, ---, ---, ---, ---, ---, ---, ---, ---, RED-HLin,2,0.59,500,2, GUAVAHT\GTI, Unknown, C:/Documents and Settings/GTI/Desktop/Nick Baetge/Syn/2022/8/SYN22-4/Plate1.csv
29, Culture-X-8,10000,10000, All Events,1,0.2,1.20E+03,8.35,14.16, 16-AUG-2022 , 23:17:32 ,36.44,6.17,1,1,1, ---, ---, ---,0,0,0,0, ---, ---, ---, ---,0,0, ---, ---, ---, ---, ---, ---, ---, ---, ---, ---, ---, ---, ---, ---, ---, ---, ---, ---, ---, ---, RED-HLin,2,0.59,500,2, GUAVAHT\GTI, Unknown, C:/Documents and Settings/GTI/Desktop/Nick Baetge/Syn/2022/8/SYN22-4/Plate1.csv
30, Culture-X-8,10000,10000, All Events,1,0.2,1.32E+03,7.61,12.89, 16-AUG-2022 , 23:18:18 ,36.44,6.17,1,1,1, ---, ---, ---,0,0,0,0, ---, ---, ---, ---,0,0, ---, ---, ---, ---, ---, ---, ---, ---, ---, ---, ---, ---, ---, ---, ---, ---, ---, ---, ---, ---, RED-HLin,2,0.59,500,2, GUAVAHT\GTI, Unknown, C:/Documents and Settings/GTI/Desktop/Nick Baetge/Syn/2022/8/SYN22-4/Plate1.csv
31, Culture-Y-8,10000,10000, All Events,1,0.2,1.15E+03,8.72,14.77, 16-AUG-2022 , 23:18:56 ,36.44,6.17,1,1,1, ---, ---, ---,0,0,0,0, ---, ---, ---, ---,0,0, ---, ---, ---, ---, ---, ---, ---, ---, ---, ---, ---, ---, ---, ---, ---, ---, ---, ---, ---, ---, RED-HLin,2,0.59,500,2, GUAVAHT\GTI, Unknown, C:/Documents and Settings/GTI/Desktop/Nick Baetge/Syn/2022/8/SYN22-4/Plate1.csv
32, Culture-Y-8,10000,10000, All Events,1,0.2,1.16E+03,8.62,14.61, 16-AUG-2022 , 23:19:30 ,36.44,6.17,1,1,1, ---, ---, ---,0,0,0,0, ---, ---, ---, ---,0,0, ---, ---, ---, ---, ---, ---, ---, ---, ---, ---, ---, ---, ---, ---, ---, ---, ---, ---, ---, ---, RED-HLin,2,0.59,500,2, GUAVAHT\GTI, Unknown, C:/Documents and Settings/GTI/Desktop/Nick Baetge/Syn/2022/8/SYN22-4/Plate1.csv
33, Culture-X-9,10000,10000, All Events,1,0.2,1.15E+03,8.72,14.78, 17-AUG-2022 , 03:25:14 ,36.44,6.17,1,1,1, ---, ---, ---,0,0,0,0, ---, ---, ---, ---,0,0, ---, ---, ---, ---, ---, ---, ---, ---, ---, ---, ---, ---, ---, ---, ---, ---, ---, ---, ---, ---, RED-HLin,2,0.59,500,2, GUAVAHT\GTI, Unknown, C:/Documents and Settings/GTI/Desktop/Nick Baetge/Syn/2022/8/SYN22-4/Plate1.csv
34, Culture-X-9,10000,10000, All Events,1,0.2,1.04E+03,9.64,16.33, 17-AUG-2022 , 03:26:03 ,36.44,6.17,1,1,1, ---, ---, ---,0,0,0,0, ---, ---, ---, ---,0,0, ---, ---, ---, ---, ---, ---, ---, ---, ---, ---, ---, ---, ---, ---, ---, ---, ---, ---, ---, ---, RED-HLin,2,0.59,500,2, GUAVAHT\GTI, Unknown, C:/Documents and Settings/GTI/Desktop/Nick Baetge/Syn/2022/8/SYN22-4/Plate1.csv
35, Culture-Y-9,10000,10000, All Events,1,0.2,1.17E+03,8.57,14.53, 17-AUG-2022 , 03:26:40 ,36.44,6.17,1,1,1, ---, ---, ---,0,0,0,0, ---, ---, ---, ---,0,0, ---, ---, ---, ---, ---, ---, ---, ---, ---, ---, ---, ---, ---, ---, ---, ---, ---, ---, ---, ---, RED-HLin,2,0.59,500,2, GUAVAHT\GTI, Unknown, C:/Documents and Settings/GTI/Desktop/Nick Baetge/Syn/2022/8/SYN22-4/Plate1.csv
36, Culture-Y-9,10000,10000, All Events,1,0.2,1.02E+03,9.83,16.66, 17-AUG-2022 , 03:27:17 ,36.44,6.17,1,1,1, ---, ---, ---,0,0,0,0, ---, ---, ---, ---,0,0, ---, ---, ---, ---, ---, ---, ---, ---, ---, ---, ---, ---, ---, ---, ---, ---, ---, ---, ---, ---, RED-HLin,2,0.59,500,2, GUAVAHT\GTI, Unknown, C:/Documents and Settings/GTI/Desktop/Nick Baetge/Syn/2022/8/SYN22-4/Plate1.csv
37, Culture-X-10,10000,10000, All Events,1,0.2,1.23E+03,8.16,13.83, 17-AUG-2022 , 07:31:18 ,36.44,6.17,1,1,1, ---, ---, ---,0,0,0,0, ---, ---, ---, ---,0,0, ---, ---, ---, ---, ---, ---, ---, ---, ---, ---, ---, ---, ---, ---, ---, ---, ---, ---, ---, ---, RED-HLin,2,0.59,500,2, GUAVAHT\GTI, Unknown, C:/Documents and Settings/GTI/Desktop/Nick Baetge/Syn/2022/8/SYN22-4/Plate1.csv
38, Culture-X-10,10000,10000, All Events,1,0.2,9.69E+02,10.32,17.49, 17-AUG-2022 , 07:32:08 ,36.44,6.17,1,1,1, ---, ---, ---,0,0,0,0, ---, ---, ---, ---,0,0, ---, ---, ---, ---, ---, ---, ---, ---, ---, ---, ---, ---, ---, ---, ---, ---, ---, ---, ---, ---, RED-HLin,2,0.59,500,2, GUAVAHT\GTI, Unknown, C:/Documents and Settings/GTI/Desktop/Nick Baetge/Syn/2022/8/SYN22-4/Plate1.csv
39, Culture-Y-10,10000,10000, All Events,1,0.2,1.27E+03,7.85,13.31, 17-AUG-2022 , 07:32:44 ,36.44,6.17,1,1,1, ---, ---, ---,0,0,0,0, ---, ---, ---, ---,0,0, ---, ---, ---, ---, ---, ---, ---, ---, ---, ---, ---, ---, ---, ---, ---, ---, ---, ---, ---, ---, RED-HLin,2,0.59,500,2, GUAVAHT\GTI, Unknown, C:/Documents and Settings/GTI/Desktop/Nick Baetge/Syn/2022/8/SYN22-4/Plate1.csv
40, Culture-Y-10,10000,10000, All Events,1,0.2,1.21E+03,8.28,14.04, 17-AUG-2022 , 07:33:17 ,36.44,6.17,1,1,1, ---, ---, ---,0,0,0,0, ---, ---, ---, ---,0,0, ---, ---, ---, ---, ---, ---, ---, ---, ---, ---, ---, ---, ---, ---, ---, ---, ---, ---, ---, ---, RED-HLin,2,0.59,500,2, GUAVAHT\GTI, Unknown, C:/Documents and Settings/GTI/Desktop/Nick Baetge/Syn/2022/8/SYN22-4/Plate1.csv
41, Culture-X-11,10000,10000, All Events,1,0.2,1.16E+03,8.66,14.68, 17-AUG-2022 , 09:15:37 ,36.44,6.17,1,1,1, ---, ---, ---,0,0,0,0, ---, ---, ---, ---,0,0, ---, ---, ---, ---, ---, ---, ---, ---, ---, ---, ---, ---, ---, ---, ---, ---, ---, ---, ---, ---, RED-HLin,2,0.59,500,2, GUAVAHT\GTI, Unknown, C:/Documents and Settings/GTI/Desktop/Nick Baetge/Syn/2022/8/SYN22-4/Plate1.csv
42, Culture-X-11,10000,10000, All Events,1,0.2,1.08E+03,9.26,15.69, 17-AUG-2022 , 09:16:15 ,36.44,6.17,1,1,1, ---, ---, ---,0,0,0,0, ---, ---, ---, ---,0,0, ---, ---, ---, ---, ---, ---, ---, ---, ---, ---, ---, ---, ---, ---, ---, ---, ---, ---, ---, ---, RED-HLin,2,0.59,500,2, GUAVAHT\GTI, Unknown, C:/Documents and Settings/GTI/Desktop/Nick Baetge/Syn/2022/8/SYN22-4/Plate1.csv
43, Culture-Y-11,10000,10000, All Events,1,0.2,1.02E+03,9.85,16.7, 17-AUG-2022 , 09:16:55 ,36.44,6.17,1,1,1, ---, ---, ---,0,0,0,0, ---, ---, ---, ---,0,0, ---, ---, ---, ---, ---, ---, ---, ---, ---, ---, ---, ---, ---, ---, ---, ---, ---, ---, ---, ---, RED-HLin,2,0.59,500,2, GUAVAHT\GTI, Unknown, C:/Documents and Settings/GTI/Desktop/Nick Baetge/Syn/2022/8/SYN22-4/Plate1.csv
44, Culture-Y-11,10000,10000, All Events,1,0.2,1.16E+03,8.6,14.58, 17-AUG-2022 , 09:17:29 ,36.44,6.17,1,1,1, ---, ---, ---,0,0,0,0, ---, ---, ---, ---,0,0, ---, ---, ---, ---, ---, ---, ---, ---, ---, ---, ---, ---, ---, ---, ---, ---, ---, ---, ---, ---, RED-HLin,2,0.59,500,2, GUAVAHT\GTI, Unknown, C:/Documents and Settings/GTI/Desktop/Nick Baetge/Syn/2022/8/SYN22-4/Plate1.csv
45, Culture-X-12,10000,10000, All Events,1,0.2,1.35E+03,7.42,12.57, 17-AUG-2022 , 11:12:20 ,36.44,6.17,1,1,1, ---, ---, ---,0,0,0,0, ---, ---, ---, ---,0,0, ---, ---, ---, ---, ---, ---, ---, ---, ---, ---, ---, ---, ---, ---, ---, ---, ---, ---, ---, ---, RED-HLin,2,0.59,500,2, GUAVAHT\GTI, Unknown, C:/Documents and Settings/GTI/Desktop/Nick Baetge/Syn/2022/8/SYN22-4/Plate1.csv
46, Culture-X-12,10000,10000, All Events,1,0.2,1.17E+03,8.53,14.46, 17-AUG-2022 , 11:12:57 ,36.44,6.17,1,1,1, ---, ---, ---,0,0,0,0, ---, ---, ---, ---,0,0, ---, ---, ---, ---, ---, ---, ---, ---, ---, ---, ---, ---, ---, ---, ---, ---, ---, ---, ---, ---, RED-HLin,2,0.59,500,2, GUAVAHT\GTI, Unknown, C:/Documents and Settings/GTI/Desktop/Nick Baetge/Syn/2022/8/SYN22-4/Plate1.csv
47, Culture-Y-12,10000,10000, All Events,1,0.2,1.30E+03,7.69,13.04, 17-AUG-2022 , 11:13:33 ,36.44,6.17,1,1,1, ---, ---, ---,0,0,0,0, ---, ---, ---, ---,0,0, ---, ---, ---, ---, ---, ---, ---, ---, ---, ---, ---, ---, ---, ---, ---, ---, ---, ---, ---, ---, RED-HLin,2,0.59,500,2, GUAVAHT\GTI, Unknown, C:/Documents and Settings/GTI/Desktop/Nick Baetge/Syn/2022/8/SYN22-4/Plate1.csv
48, Culture-Y-12,10000,10000, All Events,1,0.2,1.13E+03,8.82,14.95, 17-AUG-2022 , 11:14:07 ,36.44,6.17,1,1,1, ---, ---, ---,0,0,0,0, ---, ---, ---, ---,0,0, ---, ---, ---, ---, ---, ---, ---, ---, ---, ---, ---, ---, ---, ---, ---, ---, ---, ---, ---, ---, RED-HLin,2,0.59,500,2, GUAVAHT\GTI, Unknown, C:/Documents and Settings/GTI/Desktop/Nick Baetge/Syn/2022/8/SYN22-4/Plate1.csv
49, Culture-X-13,10000,10000, All Events,1,0.2,1.09E+03,9.16,15.52, 17-AUG-2022 , 13:14:13 ,36.44,6.17,1,1,1, ---, ---, ---,0,0,0,0, ---, ---, ---, ---,0,0, ---, ---, ---, ---, ---, ---, ---, ---, ---, ---, ---, ---, ---, ---, ---, ---, ---, ---, ---, ---, RED-HLin,2,0.59,500,2, GUAVAHT\GTI, Unknown, C:/Documents and Settings/GTI/Desktop/Nick Baetge/Syn/2022/8/SYN22-4/Plate1.csv
50, Culture-X-13,10000,10000, All Events,1,0.2,1.19E+03,8.41,14.26, 17-AUG-2022 , 13:15:01 ,36.44,6.17,1,1,1, ---, ---, ---,0,0,0,0, ---, ---, ---, ---,0,0, ---, ---, ---, ---, ---, ---, ---, ---, ---, ---, ---, ---, ---, ---, ---, ---, ---, ---, ---, ---, RED-HLin,2,0.59,500,2, GUAVAHT\GTI, Unknown, C:/Documents and Settings/GTI/Desktop/Nick Baetge/Syn/2022/8/SYN22-4/Plate1.csv
51, Culture-Y-13,10000,10000, All Events,1,0.2,1.32E+03,7.6,12.88, 17-AUG-2022 , 13:15:36 ,36.44,6.17,1,1,1, ---, ---, ---,0,0,0,0, ---, ---, ---, ---,0,0, ---, ---, ---, ---, ---, ---, ---, ---, ---, ---, ---, ---, ---, ---, ---, ---, ---, ---, ---, ---, RED-HLin,2,0.59,500,2, GUAVAHT\GTI, Unknown, C:/Documents and Settings/GTI/Desktop/Nick Baetge/Syn/2022/8/SYN22-4/Plate1.csv
52, Culture-Y-13,10000,10000, All Events,1,0.2,1.28E+03,7.81,13.23, 17-AUG-2022 , 13:16:09 ,36.44,6.17,1,1,1, ---, ---, ---,0,0,0,0, ---, ---, ---, ---,0,0, ---, ---, ---, ---, ---, ---, ---, ---, ---, ---, ---, ---, ---, ---, ---, ---, ---, ---, ---, ---, RED-HLin,2,0.59,500,2, GUAVAHT\GTI, Unknown, C:/Documents and Settings/GTI/Desktop/Nick Baetge/Syn/2022/8/SYN22-4/Plate1.csv
53, Culture-X-14,10000,10000, All Events,1,0.2,1.32E+03,7.59,12.87, 17-AUG-2022 , 15:24:50 ,36.44,6.17,1,1,1, ---, ---, ---,0,0,0,0, ---, ---, ---, ---,0,0, ---, ---, ---, ---, ---, ---, ---, ---, ---, ---, ---, ---, ---, ---, ---, ---, ---, ---, ---, ---, RED-HLin,2,0.59,500,2, GUAVAHT\GTI, Unknown, C:/Documents and Settings/GTI/Desktop/Nick Baetge/Syn/2022/8/SYN22-4/Plate1.csv
54, Culture-X-14,10000,10000, All Events,1,0.2,1.11E+03,8.99,15.24, 17-AUG-2022 , 15:25:38 ,36.44,6.17,1,1,1, ---, ---, ---,0,0,0,0, ---, ---, ---, ---,0,0, ---, ---, ---, ---, ---, ---, ---, ---, ---, ---, ---, ---, ---, ---, ---, ---, ---, ---, ---, ---, RED-HLin,2,0.59,500,2, GUAVAHT\GTI, Unknown, C:/Documents and Settings/GTI/Desktop/Nick Baetge/Syn/2022/8/SYN22-4/Plate1.csv
55, Culture-Y-14,10000,10000, All Events,1,0.2,1.23E+03,8.12,13.76, 17-AUG-2022 , 15:26:15 ,36.44,6.17,1,1,1, ---, ---, ---,0,0,0,0, ---, ---, ---, ---,0,0, ---, ---, ---, ---, ---, ---, ---, ---, ---, ---, ---, ---, ---, ---, ---, ---, ---, ---, ---, ---, RED-HLin,2,0.59,500,2, GUAVAHT\GTI, Unknown, C:/Documents and Settings/GTI/Desktop/Nick Baetge/Syn/2022/8/SYN22-4/Plate1.csv
56, Culture-Y-14,10000,10000, All Events,1,0.2,1.09E+03,9.19,15.58, 17-AUG-2022 , 15:26:49 ,36.44,6.17,1,1,1, ---, ---, ---,0,0,0,0, ---, ---, ---, ---,0,0, ---, ---, ---, ---, ---, ---, ---, ---, ---, ---, ---, ---, ---, ---, ---, ---, ---, ---, ---, ---, RED-HLin,2,0.59,500,2, GUAVAHT\GTI, Unknown, C:/Documents and Settings/GTI/Desktop/Nick Baetge/Syn/2022/8/SYN22-4/Plate1.csv
57, Culture-X-15,10000,10000, All Events,1,0.2,1.24E+03,8.07,13.68, 17-AUG-2022 , 17:24:30 ,36.44,6.17,1,1,1, ---, ---, ---,0,0,0,0, ---, ---, ---, ---,0,0, ---, ---, ---, ---, ---, ---, ---, ---, ---, ---, ---, ---, ---, ---, ---, ---, ---, ---, ---, ---, RED-HLin,2,0.59,500,2, GUAVAHT\GTI, Unknown, C:/Documents and Settings/GTI/Desktop/Nick Baetge/Syn/2022/8/SYN22-4/Plate1.csv
58, Culture-X-15,10000,10000, All Events,1,0.2,1.51E+03,6.63,11.24, 17-AUG-2022 , 17:25:04 ,36.44,6.17,1,1,1, ---, ---, ---,0,0,0,0, ---, ---, ---, ---,0,0, ---, ---, ---, ---, ---, ---, ---, ---, ---, ---, ---, ---, ---, ---, ---, ---, ---, ---, ---, ---, RED-HLin,2,0.59,500,2, GUAVAHT\GTI, Unknown, C:/Documents and Settings/GTI/Desktop/Nick Baetge/Syn/2022/8/SYN22-4/Plate1.csv
59, Culture-Y-15,10000,10000, All Events,1,0.2,1.16E+03,8.64,14.65, 17-AUG-2022 , 17:25:42 ,36.44,6.17,1,1,1, ---, ---, ---,0,0,0,0, ---, ---, ---, ---,0,0, ---, ---, ---, ---, ---, ---, ---, ---, ---, ---, ---, ---, ---, ---, ---, ---, ---, ---, ---, ---, RED-HLin,2,0.59,500,2, GUAVAHT\GTI, Unknown, C:/Documents and Settings/GTI/Desktop/Nick Baetge/Syn/2022/8/SYN22-4/Plate1.csv
60, Culture-Y-15,10000,10000, All Events,1,0.2,1.45E+03,6.92,11.73, 17-AUG-2022 , 17:26:13 ,36.44,6.17,1,1,1, ---, ---, ---,0,0,0,0, ---, ---, ---, ---,0,0, ---, ---, ---, ---, ---, ---, ---, ---, ---, ---, ---, ---, ---, ---, ---, ---, ---, ---, ---, ---, RED-HLin,2,0.59,500,2, GUAVAHT\GTI, Unknown, C:/Documents and Settings/GTI/Desktop/Nick Baetge/Syn/2022/8/SYN22-4/Plate1.csv
61, Culture-X-16,10000,10000, All Events,1,0.2,1.73E+03,5.77,9.78, 17-AUG-2022 , 22:37:52 ,36.44,6.17,1,1,1, ---, ---, ---,0,0,0,0, ---, ---, ---, ---,0,0, ---, ---, ---, ---, ---, ---, ---, ---, ---, ---, ---, ---, ---, ---, ---, ---, ---, ---, ---, ---, RED-HLin,2,0.59,500,2, GUAVAHT\GTI, Unknown, C:/Documents and Settings/GTI/Desktop/Nick Baetge/Syn/2022/8/SYN22-4/Plate1.csv
62, Culture-X-16,10000,10000, All Events,1,0.2,1.60E+03,6.24,10.58, 17-AUG-2022 , 22:38:36 ,36.44,6.17,1,1,1, ---, ---, ---,0,0,0,0, ---, ---, ---, ---,0,0, ---, ---, ---, ---, ---, ---, ---, ---, ---, ---, ---, ---, ---, ---, ---, ---, ---, ---, ---, ---, RED-HLin,2,0.59,500,2, GUAVAHT\GTI, Unknown, C:/Documents and Settings/GTI/Desktop/Nick Baetge/Syn/2022/8/SYN22-4/Plate1.csv
63, Culture-Y-16,10000,10000, All Events,1,0.2,1.63E+03,6.14,10.41, 17-AUG-2022 , 22:39:09 ,36.44,6.17,1,1,1, ---, ---, ---,0,0,0,0, ---, ---, ---, ---,0,0, ---, ---, ---, ---, ---, ---, ---, ---, ---, ---, ---, ---, ---, ---, ---, ---, ---, ---, ---, ---, RED-HLin,2,0.59,500,2, GUAVAHT\GTI, Unknown, C:/Documents and Settings/GTI/Desktop/Nick Baetge/Syn/2022/8/SYN22-4/Plate1.csv
64, Culture-Y-16,10000,10000, All Events,1,0.2,1.62E+03,6.16,10.44, 17-AUG-2022 , 22:39:39 ,36.44,6.17,1,1,1, ---, ---, ---,0,0,0,0, ---, ---, ---, ---,0,0, ---, ---, ---, ---, ---, ---, ---, ---, ---, ---, ---, ---, ---, ---, ---, ---, ---, ---, ---, ---, RED-HLin,2,0.59,500,2, GUAVAHT\GTI, Unknown, C:/Documents and Settings/GTI/Desktop/Nick Baetge/Syn/2022/8/SYN22-4/Plate1.csv
1, Optics-X-1,688,10000, All Events,1,0.2,3.90E+01,17.64,29.9, 16-AUG-2022 , 09:47:00 ,36.44,6.17,1,1,1, ---, ---, ---,0,0,0,0, ---, ---, ---, ---,0,0, ---, ---, ---, ---, ---, ---, ---, ---, ---, ---, ---, ---, ---, ---, ---, ---, ---, ---, ---, ---, RED-HLin,2,0.59,500,2, GUAVAHT\GTI, Unknown, C:/Documents and Settings/GTI/Desktop/Nick Baetge/Syn/2022/8/SYN22-4/Plate2.csv
2, Optics-X-1,709,10000, All Events,1,0.2,4.02E+01,17.64,29.9, 16-AUG-2022 , 09:48:02 ,36.44,6.17,1,1,1, ---, ---, ---,0,0,0,0, ---, ---, ---, ---,0,0, ---, ---, ---, ---, ---, ---, ---, ---, ---, ---, ---, ---, ---, ---, ---, ---, ---, ---, ---, ---, RED-HLin,2,0.59,500,2, GUAVAHT\GTI, Unknown, C:/Documents and Settings/GTI/Desktop/Nick Baetge/Syn/2022/8/SYN22-4/Plate2.csv
3, Optics-Y-1,1722,10000, All Events,1,0.2,9.76E+01,17.64,29.89, 16-AUG-2022 , 09:48:54 ,36.44,6.17,1,1,1, ---, ---, ---,0,0,0,0, ---, ---, ---, ---,0,0, ---, ---, ---, ---, ---, ---, ---, ---, ---, ---, ---, ---, ---, ---, ---, ---, ---, ---, ---, ---, RED-HLin,2,0.59,500,2, GUAVAHT\GTI, Unknown, C:/Documents and Settings/GTI/Desktop/Nick Baetge/Syn/2022/8/SYN22-4/Plate2.csv
4, Optics-Y-1,1454,10000, All Events,1,0.2,8.24E+01,17.64,29.9, 16-AUG-2022 , 09:49:43 ,36.44,6.17,1,1,1, ---, ---, ---,0,0,0,0, ---, ---, ---, ---,0,0, ---, ---, ---, ---, ---, ---, ---, ---, ---, ---, ---, ---, ---, ---, ---, ---, ---, ---, ---, ---, RED-HLin,2,0.59,500,2, GUAVAHT\GTI, Unknown, C:/Documents and Settings/GTI/Desktop/Nick Baetge/Syn/2022/8/SYN22-4/Plate2.csv
5, Optics-X-2,599,10000, All Events,1,0.2,3.40E+01,17.64,29.9, 16-AUG-2022 , 11:45:14 ,36.44,6.17,1,1,1, ---, ---, ---,0,0,0,0, ---, ---, ---, ---,0,0, ---, ---, ---, ---, ---, ---, ---, ---, ---, ---, ---, ---, ---, ---, ---, ---, ---, ---, ---, ---, RED-HLin,2,0.59,500,2, GUAVAHT\GTI, Unknown, C:/Documents and Settings/GTI/Desktop/Nick Baetge/Syn/2022/8/SYN22-4/Plate2.csv
6, Optics-X-2,569,10000, All Events,1,0.2,3.23E+01,17.64,29.9, 16-AUG-2022 , 11:46:16 ,36.44,6.17,1,1,1, ---, ---, ---,0,0,0,0, ---, ---, ---, ---,0,0, ---, ---, ---, ---, ---, ---, ---, ---, ---, ---, ---, ---, ---, ---, ---, ---, ---, ---, ---, ---, RED-HLin,2,0.59,500,2, GUAVAHT\GTI, Unknown, C:/Documents and Settings/GTI/Desktop/Nick Baetge/Syn/2022/8/SYN22-4/Plate2.csv
7, Optics-Y-2,1384,10000, All Events,1,0.2,7.85E+01,17.64,29.9, 16-AUG-2022 , 11:47:09 ,36.44,6.17,1,1,1, ---, ---, ---,0,0,0,0, ---, ---, ---, ---,0,0, ---, ---, ---, ---, ---, ---, ---, ---, ---, ---, ---, ---, ---, ---, ---, ---, ---, ---, ---, ---, RED-HLin,2,0.59,500,2, GUAVAHT\GTI, Unknown, C:/Documents and Settings/GTI/Desktop/Nick Baetge/Syn/2022/8/SYN22-4/Plate2.csv
8, Optics-Y-2,1553,10000, All Events,1,0.2,8.81E+01,17.64,29.89, 16-AUG-2022 , 11:47:58 ,36.44,6.17,1,1,1, ---, ---, ---,0,0,0,0, ---, ---, ---, ---,0,0, ---, ---, ---, ---, ---, ---, ---, ---, ---, ---, ---, ---, ---, ---, ---, ---, ---, ---, ---, ---, RED-HLin,2,0.59,500,2, GUAVAHT\GTI, Unknown, C:/Documents and Settings/GTI/Desktop/Nick Baetge/Syn/2022/8/SYN22-4/Plate2.csv
11, Optics-Y-3,1476,10000, All Events,1,0.2,8.35E+01,17.67,29.95, 16-AUG-2022 , 13:49:01 ,36.44,6.17,1,1,1, ---, ---, ---,0,0,0,0, ---, ---, ---, ---,0,0, ---, ---, ---, ---, ---, ---, ---, ---, ---, ---, ---, ---, ---, ---, ---, ---, ---, ---, ---, ---, RED-HLin,2,0.59,500,2, GUAVAHT\GTI, Unknown, C:/Documents and Settings/GTI/Desktop/Nick Baetge/Syn/2022/8/SYN22-4/Plate2.csv
12, Optics-Y-3,1517,10000, All Events,1,0.2,8.60E+01,17.64,29.9, 16-AUG-2022 , 13:49:52 ,36.44,6.17,1,1,1, ---, ---, ---,0,0,0,0, ---, ---, ---, ---,0,0, ---, ---, ---, ---, ---, ---, ---, ---, ---, ---, ---, ---, ---, ---, ---, ---, ---, ---, ---, ---, RED-HLin,2,0.59,500,2, GUAVAHT\GTI, Unknown, C:/Documents and Settings/GTI/Desktop/Nick Baetge/Syn/2022/8/SYN22-4/Plate2.csv
13, Optics-X-3,538,10000, All Events,1,0.2,3.05E+01,17.64,29.9, 16-AUG-2022 , 13:55:19 ,36.44,6.17,1,1,1, ---, ---, ---,0,0,0,0, ---, ---, ---, ---,0,0, ---, ---, ---, ---, ---, ---, ---, ---, ---, ---, ---, ---, ---, ---, ---, ---, ---, ---, ---, ---, RED-HLin,2,0.59,500,2, GUAVAHT\GTI, Unknown, C:/Documents and Settings/GTI/Desktop/Nick Baetge/Syn/2022/8/SYN22-4/Plate2.csv
14, Optics-X-3,596,10000, All Events,1,0.2,3.38E+01,17.64,29.9, 16-AUG-2022 , 13:56:19 ,36.44,6.17,1,1,1, ---, ---, ---,0,0,0,0, ---, ---, ---, ---,0,0, ---, ---, ---, ---, ---, ---, ---, ---, ---, ---, ---, ---, ---, ---, ---, ---, ---, ---, ---, ---, RED-HLin,2,0.59,500,2, GUAVAHT\GTI, Unknown, C:/Documents and Settings/GTI/Desktop/Nick Baetge/Syn/2022/8/SYN22-4/Plate2.csv
15, Optics-X-4,609,10000, All Events,1,0.2,3.45E+01,17.64,29.9, 16-AUG-2022 , 15:45:17 ,36.44,6.17,1,1,1, ---, ---, ---,0,0,0,0, ---, ---, ---, ---,0,0, ---, ---, ---, ---, ---, ---, ---, ---, ---, ---, ---, ---, ---, ---, ---, ---, ---, ---, ---, ---, RED-HLin,2,0.59,500,2, GUAVAHT\GTI, Unknown, C:/Documents and Settings/GTI/Desktop/Nick Baetge/Syn/2022/8/SYN22-4/Plate2.csv
16, Optics-X-4,509,10000, All Events,1,0.2,2.89E+01,17.64,29.9, 16-AUG-2022 , 15:46:19 ,36.44,6.17,1,1,1, ---, ---, ---,0,0,0,0, ---, ---, ---, ---,0,0, ---, ---, ---, ---, ---, ---, ---, ---, ---, ---, ---, ---, ---, ---, ---, ---, ---, ---, ---, ---, RED-HLin,2,0.59,500,2, GUAVAHT\GTI, Unknown, C:/Documents and Settings/GTI/Desktop/Nick Baetge/Syn/2022/8/SYN22-4/Plate2.csv
17, Optics-Y-4,1400,10000, All Events,1,0.2,7.94E+01,17.64,29.9, 16-AUG-2022 , 15:47:12 ,36.44,6.17,1,1,1, ---, ---, ---,0,0,0,0, ---, ---, ---, ---,0,0, ---, ---, ---, ---, ---, ---, ---, ---, ---, ---, ---, ---, ---, ---, ---, ---, ---, ---, ---, ---, RED-HLin,2,0.59,500,2, GUAVAHT\GTI, Unknown, C:/Documents and Settings/GTI/Desktop/Nick Baetge/Syn/2022/8/SYN22-4/Plate2.csv
18, Optics-Y-4,1288,10000, All Events,1,0.2,7.30E+01,17.64,29.9, 16-AUG-2022 , 15:48:01 ,36.44,6.17,1,1,1, ---, ---, ---,0,0,0,0, ---, ---, ---, ---,0,0, ---, ---, ---, ---, ---, ---, ---, ---, ---, ---, ---, ---, ---, ---, ---, ---, ---, ---, ---, ---, RED-HLin,2,0.59,500,2, GUAVAHT\GTI, Unknown, C:/Documents and Settings/GTI/Desktop/Nick Baetge/Syn/2022/8/SYN22-4/Plate2.csv
19, Optics-X-5,614,10000, All Events,1,0.2,3.48E+01,17.64,29.9, 16-AUG-2022 , 17:36:52 ,36.44,6.17,1,1,1, ---, ---, ---,0,0,0,0, ---, ---, ---, ---,0,0, ---, ---, ---, ---, ---, ---, ---, ---, ---, ---, ---, ---, ---, ---, ---, ---, ---, ---, ---, ---, RED-HLin,2,0.59,500,2, GUAVAHT\GTI, Unknown, C:/Documents and Settings/GTI/Desktop/Nick Baetge/Syn/2022/8/SYN22-4/Plate2.csv
20, Optics-X-5,558,10000, All Events,1,0.2,3.16E+01,17.64,29.9, 16-AUG-2022 , 17:37:44 ,36.44,6.17,1,1,1, ---, ---, ---,0,0,0,0, ---, ---, ---, ---,0,0, ---, ---, ---, ---, ---, ---, ---, ---, ---, ---, ---, ---, ---, ---, ---, ---, ---, ---, ---, ---, RED-HLin,2,0.59,500,2, GUAVAHT\GTI, Unknown, C:/Documents and Settings/GTI/Desktop/Nick Baetge/Syn/2022/8/SYN22-4/Plate2.csv
21, Optics-Y-5,1917,10000, All Events,1,0.2,1.09E+02,17.64,29.89, 16-AUG-2022 , 17:38:37 ,36.44,6.17,1,1,1, ---, ---, ---,0,0,0,0, ---, ---, ---, ---,0,0, ---, ---, ---, ---, ---, ---, ---, ---, ---, ---, ---, ---, ---, ---, ---, ---, ---, ---, ---, ---, RED-HLin,2,0.59,500,2, GUAVAHT\GTI, Unknown, C:/Documents and Settings/GTI/Desktop/Nick Baetge/Syn/2022/8/SYN22-4/Plate2.csv
22, Optics-Y-5,1789,10000, All Events,1,0.2,1.01E+02,17.64,29.89, 16-AUG-2022 , 17:39:26 ,36.44,6.17,1,1,1, ---, ---, ---,0,0,0,0, ---, ---, ---, ---,0,0, ---, ---, ---, ---, ---, ---, ---, ---, ---, ---, ---, ---, ---, ---, ---, ---, ---, ---, ---, ---, RED-HLin,2,0.59,500,2, GUAVAHT\GTI, Unknown, C:/Documents and Settings/GTI/Desktop/Nick Baetge/Syn/2022/8/SYN22-4/Plate2.csv
23, Optics-X-6,1019,10000, All Events,1,0.2,5.78E+01,17.64,29.9, 16-AUG-2022 , 19:40:54 ,36.44,6.17,1,1,1, ---, ---, ---,0,0,0,0, ---, ---, ---, ---,0,0, ---, ---, ---, ---, ---, ---, ---, ---, ---, ---, ---, ---, ---, ---, ---, ---, ---, ---, ---, ---, RED-HLin,2,0.59,500,2, GUAVAHT\GTI, Unknown, C:/Documents and Settings/GTI/Desktop/Nick Baetge/Syn/2022/8/SYN22-4/Plate2.csv
24, Optics-X-6,779,10000, All Events,1,0.2,4.42E+01,17.64,29.9, 16-AUG-2022 , 19:41:43 ,36.44,6.17,1,1,1, ---, ---, ---,0,0,0,0, ---, ---, ---, ---,0,0, ---, ---, ---, ---, ---, ---, ---, ---, ---, ---, ---, ---, ---, ---, ---, ---, ---, ---, ---, ---, RED-HLin,2,0.59,500,2, GUAVAHT\GTI, Unknown, C:/Documents and Settings/GTI/Desktop/Nick Baetge/Syn/2022/8/SYN22-4/Plate2.csv
25, Optics-Y-6,2309,10000, All Events,1,0.2,1.31E+02,17.64,29.9, 16-AUG-2022 , 19:42:43 ,36.44,6.17,1,1,1, ---, ---, ---,0,0,0,0, ---, ---, ---, ---,0,0, ---, ---, ---, ---, ---, ---, ---, ---, ---, ---, ---, ---, ---, ---, ---, ---, ---, ---, ---, ---, RED-HLin,2,0.59,500,2, GUAVAHT\GTI, Unknown, C:/Documents and Settings/GTI/Desktop/Nick Baetge/Syn/2022/8/SYN22-4/Plate2.csv
26, Optics-Y-6,2629,10000, All Events,1,0.2,1.49E+02,17.63,29.89, 16-AUG-2022 , 19:43:42 ,36.44,6.17,1,1,1, ---, ---, ---,0,0,0,0, ---, ---, ---, ---,0,0, ---, ---, ---, ---, ---, ---, ---, ---, ---, ---, ---, ---, ---, ---, ---, ---, ---, ---, ---, ---, RED-HLin,2,0.59,500,2, GUAVAHT\GTI, Unknown, C:/Documents and Settings/GTI/Desktop/Nick Baetge/Syn/2022/8/SYN22-4/Plate2.csv
27, Optics-X-7,1578,10000, All Events,1,0.2,8.95E+01,17.64,29.89, 16-AUG-2022 , 21:42:38 ,36.44,6.17,1,1,1, ---, ---, ---,0,0,0,0, ---, ---, ---, ---,0,0, ---, ---, ---, ---, ---, ---, ---, ---, ---, ---, ---, ---, ---, ---, ---, ---, ---, ---, ---, ---, RED-HLin,2,0.59,500,2, GUAVAHT\GTI, Unknown, C:/Documents and Settings/GTI/Desktop/Nick Baetge/Syn/2022/8/SYN22-4/Plate2.csv
28, Optics-X-7,1051,10000, All Events,1,0.2,5.96E+01,17.64,29.9, 16-AUG-2022 , 21:43:41 ,36.44,6.17,1,1,1, ---, ---, ---,0,0,0,0, ---, ---, ---, ---,0,0, ---, ---, ---, ---, ---, ---, ---, ---, ---, ---, ---, ---, ---, ---, ---, ---, ---, ---, ---, ---, RED-HLin,2,0.59,500,2, GUAVAHT\GTI, Unknown, C:/Documents and Settings/GTI/Desktop/Nick Baetge/Syn/2022/8/SYN22-4/Plate2.csv
29, Optics-Y-7,3276,10000, All Events,1,0.2,1.86E+02,17.64,29.89, 16-AUG-2022 , 21:44:34 ,36.44,6.17,1,1,1, ---, ---, ---,0,0,0,0, ---, ---, ---, ---,0,0, ---, ---, ---, ---, ---, ---, ---, ---, ---, ---, ---, ---, ---, ---, ---, ---, ---, ---, ---, ---, RED-HLin,2,0.59,500,2, GUAVAHT\GTI, Unknown, C:/Documents and Settings/GTI/Desktop/Nick Baetge/Syn/2022/8/SYN22-4/Plate2.csv
30, Optics-Y-7,3271,10000, All Events,1,0.2,1.86E+02,17.64,29.89, 16-AUG-2022 , 21:45:23 ,36.44,6.17,1,1,1, ---, ---, ---,0,0,0,0, ---, ---, ---, ---,0,0, ---, ---, ---, ---, ---, ---, ---, ---, ---, ---, ---, ---, ---, ---, ---, ---, ---, ---, ---, ---, RED-HLin,2,0.59,500,2, GUAVAHT\GTI, Unknown, C:/Documents and Settings/GTI/Desktop/Nick Baetge/Syn/2022/8/SYN22-4/Plate2.csv
31, Optics-X-7,1415,10000, All Events,1,0.2,8.02E+01,17.64,29.89, 16-AUG-2022 , 21:53:24 ,36.44,6.17,1,1,1, ---, ---, ---,0,0,0,0, ---, ---, ---, ---,0,0, ---, ---, ---, ---, ---, ---, ---, ---, ---, ---, ---, ---, ---, ---, ---, ---, ---, ---, ---, ---, RED-HLin,2,0.59,500,2, GUAVAHT\GTI, Unknown, C:/Documents and Settings/GTI/Desktop/Nick Baetge/Syn/2022/8/SYN22-4/Plate2.csv
32, Optics-X-7,1474,10000, All Events,1,0.2,8.36E+01,17.64,29.9, 16-AUG-2022 , 21:54:22 ,36.44,6.17,1,1,1, ---, ---, ---,0,0,0,0, ---, ---, ---, ---,0,0, ---, ---, ---, ---, ---, ---, ---, ---, ---, ---, ---, ---, ---, ---, ---, ---, ---, ---, ---, ---, RED-HLin,2,0.59,500,2, GUAVAHT\GTI, Unknown, C:/Documents and Settings/GTI/Desktop/Nick Baetge/Syn/2022/8/SYN22-4/Plate2.csv
33, Optics-X-8,1376,10000, All Events,1,0.2,7.80E+01,17.64,29.9, 16-AUG-2022 , 23:48:55 ,36.44,6.17,1,1,1, ---, ---, ---,0,0,0,0, ---, ---, ---, ---,0,0, ---, ---, ---, ---, ---, ---, ---, ---, ---, ---, ---, ---, ---, ---, ---, ---, ---, ---, ---, ---, RED-HLin,2,0.59,500,2, GUAVAHT\GTI, Unknown, C:/Documents and Settings/GTI/Desktop/Nick Baetge/Syn/2022/8/SYN22-4/Plate2.csv
34, Optics-X-8,1629,10000, All Events,1,0.2,9.24E+01,17.64,29.89, 16-AUG-2022 , 23:49:58 ,36.44,6.17,1,1,1, ---, ---, ---,0,0,0,0, ---, ---, ---, ---,0,0, ---, ---, ---, ---, ---, ---, ---, ---, ---, ---, ---, ---, ---, ---, ---, ---, ---, ---, ---, ---, RED-HLin,2,0.59,500,2, GUAVAHT\GTI, Unknown, C:/Documents and Settings/GTI/Desktop/Nick Baetge/Syn/2022/8/SYN22-4/Plate2.csv
35, Optics-Y-8,3323,10000, All Events,1,0.2,1.88E+02,17.64,29.89, 16-AUG-2022 , 23:50:51 ,36.44,6.17,1,1,1, ---, ---, ---,0,0,0,0, ---, ---, ---, ---,0,0, ---, ---, ---, ---, ---, ---, ---, ---, ---, ---, ---, ---, ---, ---, ---, ---, ---, ---, ---, ---, RED-HLin,2,0.59,500,2, GUAVAHT\GTI, Unknown, C:/Documents and Settings/GTI/Desktop/Nick Baetge/Syn/2022/8/SYN22-4/Plate2.csv
36, Optics-Y-8,3775,10000, All Events,1,0.2,2.14E+02,17.64,29.89, 16-AUG-2022 , 23:51:40 ,36.44,6.17,1,1,1, ---, ---, ---,0,0,0,0, ---, ---, ---, ---,0,0, ---, ---, ---, ---, ---, ---, ---, ---, ---, ---, ---, ---, ---, ---, ---, ---, ---, ---, ---, ---, RED-HLin,2,0.59,500,2, GUAVAHT\GTI, Unknown, C:/Documents and Settings/GTI/Desktop/Nick Baetge/Syn/2022/8/SYN22-4/Plate2.csv
37, Optics-X-9,1545,10000, All Events,1,0.2,8.76E+01,17.64,29.9, 17-AUG-2022 , 03:49:39 ,36.44,6.17,1,1,1, ---, ---, ---,0,0,0,0, ---, ---, ---, ---,0,0, ---, ---, ---, ---, ---, ---, ---, ---, ---, ---, ---, ---, ---, ---, ---, ---, ---, ---, ---, ---, RED-HLin,2,0.59,500,2, GUAVAHT\GTI, Unknown, C:/Documents and Settings/GTI/Desktop/Nick Baetge/Syn/2022/8/SYN22-4/Plate2.csv
38, Optics-X-9,1303,10000, All Events,1,0.2,7.39E+01,17.64,29.9, 17-AUG-2022 , 03:50:42 ,36.44,6.17,1,1,1, ---, ---, ---,0,0,0,0, ---, ---, ---, ---,0,0, ---, ---, ---, ---, ---, ---, ---, ---, ---, ---, ---, ---, ---, ---, ---, ---, ---, ---, ---, ---, RED-HLin,2,0.59,500,2, GUAVAHT\GTI, Unknown, C:/Documents and Settings/GTI/Desktop/Nick Baetge/Syn/2022/8/SYN22-4/Plate2.csv
39, Optics-Y-9,3729,10000, All Events,1,0.2,2.12E+02,17.63,29.89, 17-AUG-2022 , 03:51:34 ,36.44,6.17,1,1,1, ---, ---, ---,0,0,0,0, ---, ---, ---, ---,0,0, ---, ---, ---, ---, ---, ---, ---, ---, ---, ---, ---, ---, ---, ---, ---, ---, ---, ---, ---, ---, RED-HLin,2,0.59,500,2, GUAVAHT\GTI, Unknown, C:/Documents and Settings/GTI/Desktop/Nick Baetge/Syn/2022/8/SYN22-4/Plate2.csv
40, Optics-Y-9,3422,10000, All Events,1,0.2,1.94E+02,17.64,29.89, 17-AUG-2022 , 03:52:24 ,36.44,6.17,1,1,1, ---, ---, ---,0,0,0,0, ---, ---, ---, ---,0,0, ---, ---, ---, ---, ---, ---, ---, ---, ---, ---, ---, ---, ---, ---, ---, ---, ---, ---, ---, ---, RED-HLin,2,0.59,500,2, GUAVAHT\GTI, Unknown, C:/Documents and Settings/GTI/Desktop/Nick Baetge/Syn/2022/8/SYN22-4/Plate2.csv
41, Optics-X-10,1171,10000, All Events,1,0.2,6.64E+01,17.64,29.9, 17-AUG-2022 , 07:56:52 ,36.44,6.17,1,1,1, ---, ---, ---,0,0,0,0, ---, ---, ---, ---,0,0, ---, ---, ---, ---, ---, ---, ---, ---, ---, ---, ---, ---, ---, ---, ---, ---, ---, ---, ---, ---, RED-HLin,2,0.59,500,2, GUAVAHT\GTI, Unknown, C:/Documents and Settings/GTI/Desktop/Nick Baetge/Syn/2022/8/SYN22-4/Plate2.csv
42, Optics-X-10,988,10000, All Events,1,0.2,5.60E+01,17.64,29.9, 17-AUG-2022 , 07:57:54 ,36.44,6.17,1,1,1, ---, ---, ---,0,0,0,0, ---, ---, ---, ---,0,0, ---, ---, ---, ---, ---, ---, ---, ---, ---, ---, ---, ---, ---, ---, ---, ---, ---, ---, ---, ---, RED-HLin,2,0.59,500,2, GUAVAHT\GTI, Unknown, C:/Documents and Settings/GTI/Desktop/Nick Baetge/Syn/2022/8/SYN22-4/Plate2.csv
43, Optics-Y-10,2758,10000, All Events,1,0.2,1.56E+02,17.63,29.89, 17-AUG-2022 , 07:58:47 ,36.44,6.17,1,1,1, ---, ---, ---,0,0,0,0, ---, ---, ---, ---,0,0, ---, ---, ---, ---, ---, ---, ---, ---, ---, ---, ---, ---, ---, ---, ---, ---, ---, ---, ---, ---, RED-HLin,2,0.59,500,2, GUAVAHT\GTI, Unknown, C:/Documents and Settings/GTI/Desktop/Nick Baetge/Syn/2022/8/SYN22-4/Plate2.csv
44, Optics-Y-10,2743,10000, All Events,1,0.2,1.56E+02,17.63,29.89, 17-AUG-2022 , 07:59:36 ,36.44,6.17,1,1,1, ---, ---, ---,0,0,0,0, ---, ---, ---, ---,0,0, ---, ---, ---, ---, ---, ---, ---, ---, ---, ---, ---, ---, ---, ---, ---, ---, ---, ---, ---, ---, RED-HLin,2,0.59,500,2, GUAVAHT\GTI, Unknown, C:/Documents and Settings/GTI/Desktop/Nick Baetge/Syn/2022/8/SYN22-4/Plate2.csv
45, Optics-X-11,1269,10000, All Events,1,0.2,7.19E+01,17.64,29.9, 17-AUG-2022 , 09:39:56 ,36.44,6.17,1,1,1, ---, ---, ---,0,0,0,0, ---, ---, ---, ---,0,0, ---, ---, ---, ---, ---, ---, ---, ---, ---, ---, ---, ---, ---, ---, ---, ---, ---, ---, ---, ---, RED-HLin,2,0.59,500,2, GUAVAHT\GTI, Unknown, C:/Documents and Settings/GTI/Desktop/Nick Baetge/Syn/2022/8/SYN22-4/Plate2.csv
46, Optics-X-11,1171,10000, All Events,1,0.2,6.64E+01,17.64,29.9, 17-AUG-2022 , 09:40:48 ,36.44,6.17,1,1,1, ---, ---, ---,0,0,0,0, ---, ---, ---, ---,0,0, ---, ---, ---, ---, ---, ---, ---, ---, ---, ---, ---, ---, ---, ---, ---, ---, ---, ---, ---, ---, RED-HLin,2,0.59,500,2, GUAVAHT\GTI, Unknown, C:/Documents and Settings/GTI/Desktop/Nick Baetge/Syn/2022/8/SYN22-4/Plate2.csv
47, Optics-Y-11,3674,10000, All Events,1,0.2,2.08E+02,17.63,29.89, 17-AUG-2022 , 09:41:41 ,36.44,6.17,1,1,1, ---, ---, ---,0,0,0,0, ---, ---, ---, ---,0,0, ---, ---, ---, ---, ---, ---, ---, ---, ---, ---, ---, ---, ---, ---, ---, ---, ---, ---, ---, ---, RED-HLin,2,0.59,500,2, GUAVAHT\GTI, Unknown, C:/Documents and Settings/GTI/Desktop/Nick Baetge/Syn/2022/8/SYN22-4/Plate2.csv
48, Optics-Y-11,3387,10000, All Events,1,0.2,1.92E+02,17.64,29.89, 17-AUG-2022 , 09:42:31 ,36.44,6.17,1,1,1, ---, ---, ---,0,0,0,0, ---, ---, ---, ---,0,0, ---, ---, ---, ---, ---, ---, ---, ---, ---, ---, ---, ---, ---, ---, ---, ---, ---, ---, ---, ---, RED-HLin,2,0.59,500,2, GUAVAHT\GTI, Unknown, C:/Documents and Settings/GTI/Desktop/Nick Baetge/Syn/2022/8/SYN22-4/Plate2.csv
49, Optics-X-12,1133,10000, All Events,1,0.2,6.42E+01,17.64,29.9, 17-AUG-2022 , 11:36:56 ,36.44,6.17,1,1,1, ---, ---, ---,0,0,0,0, ---, ---, ---, ---,0,0, ---, ---, ---, ---, ---, ---, ---, ---, ---, ---, ---, ---, ---, ---, ---, ---, ---, ---, ---, ---, RED-HLin,2,0.59,500,2, GUAVAHT\GTI, Unknown, C:/Documents and Settings/GTI/Desktop/Nick Baetge/Syn/2022/8/SYN22-4/Plate2.csv
50, Optics-X-12,1462,10000, All Events,1,0.2,8.29E+01,17.64,29.9, 17-AUG-2022 , 11:37:59 ,36.44,6.17,1,1,1, ---, ---, ---,0,0,0,0, ---, ---, ---, ---,0,0, ---, ---, ---, ---, ---, ---, ---, ---, ---, ---, ---, ---, ---, ---, ---, ---, ---, ---, ---, ---, RED-HLin,2,0.59,500,2, GUAVAHT\GTI, Unknown, C:/Documents and Settings/GTI/Desktop/Nick Baetge/Syn/2022/8/SYN22-4/Plate2.csv
51, Optics-Y-12,3647,10000, All Events,1,0.2,2.07E+02,17.64,29.89, 17-AUG-2022 , 11:38:52 ,36.44,6.17,1,1,1, ---, ---, ---,0,0,0,0, ---, ---, ---, ---,0,0, ---, ---, ---, ---, ---, ---, ---, ---, ---, ---, ---, ---, ---, ---, ---, ---, ---, ---, ---, ---, RED-HLin,2,0.59,500,2, GUAVAHT\GTI, Unknown, C:/Documents and Settings/GTI/Desktop/Nick Baetge/Syn/2022/8/SYN22-4/Plate2.csv
52, Optics-Y-12,3394,10000, All Events,1,0.2,1.92E+02,17.64,29.89, 17-AUG-2022 , 11:39:41 ,36.44,6.17,1,1,1, ---, ---, ---,0,0,0,0, ---, ---, ---, ---,0,0, ---, ---, ---, ---, ---, ---, ---, ---, ---, ---, ---, ---, ---, ---, ---, ---, ---, ---, ---, ---, RED-HLin,2,0.59,500,2, GUAVAHT\GTI, Unknown, C:/Documents and Settings/GTI/Desktop/Nick Baetge/Syn/2022/8/SYN22-4/Plate2.csv
53, Optics-X-13,1044,10000, All Events,1,0.2,5.92E+01,17.64,29.9, 17-AUG-2022 , 13:37:50 ,36.44,6.17,1,1,1, ---, ---, ---,0,0,0,0, ---, ---, ---, ---,0,0, ---, ---, ---, ---, ---, ---, ---, ---, ---, ---, ---, ---, ---, ---, ---, ---, ---, ---, ---, ---, RED-HLin,2,0.59,500,2, GUAVAHT\GTI, Unknown, C:/Documents and Settings/GTI/Desktop/Nick Baetge/Syn/2022/8/SYN22-4/Plate2.csv
54, Optics-X-13,1166,10000, All Events,1,0.2,6.61E+01,17.64,29.9, 17-AUG-2022 , 13:38:53 ,36.44,6.17,1,1,1, ---, ---, ---,0,0,0,0, ---, ---, ---, ---,0,0, ---, ---, ---, ---, ---, ---, ---, ---, ---, ---, ---, ---, ---, ---, ---, ---, ---, ---, ---, ---, RED-HLin,2,0.59,500,2, GUAVAHT\GTI, Unknown, C:/Documents and Settings/GTI/Desktop/Nick Baetge/Syn/2022/8/SYN22-4/Plate2.csv
55, Optics-Y-13,3584,10000, All Events,1,0.2,2.03E+02,17.64,29.89, 17-AUG-2022 , 13:39:46 ,36.44,6.17,1,1,1, ---, ---, ---,0,0,0,0, ---, ---, ---, ---,0,0, ---, ---, ---, ---, ---, ---, ---, ---, ---, ---, ---, ---, ---, ---, ---, ---, ---, ---, ---, ---, RED-HLin,2,0.59,500,2, GUAVAHT\GTI, Unknown, C:/Documents and Settings/GTI/Desktop/Nick Baetge/Syn/2022/8/SYN22-4/Plate2.csv
56, Optics-Y-13,2986,10000, All Events,1,0.2,1.70E+02,17.61,29.84, 17-AUG-2022 , 13:40:35 ,36.44,6.17,1,1,1, ---, ---, ---,0,0,0,0, ---, ---, ---, ---,0,0, ---, ---, ---, ---, ---, ---, ---, ---, ---, ---, ---, ---, ---, ---, ---, ---, ---, ---, ---, ---, RED-HLin,2,0.59,500,2, GUAVAHT\GTI, Unknown, C:/Documents and Settings/GTI/Desktop/Nick Baetge/Syn/2022/8/SYN22-4/Plate2.csv