Current Date: 08-Dec-2022,,,,,,,,,,,,,,,,,,,,,,,,,,,,,,,,,,,,,,,,,,,,,,,,,,,,,,,,,
Instrument Serial Number: 6735115039,,,,,,,,,,,,,,,,,,,,,,,,,,,,,,,,,,,,,,,,,,,,,,,,,,,,,,,,,
Software Name: InCyte,,,,,,,,,,,,,,,,,,,,,,,,,,,,,,,,,,,,,,,,,,,,,,,,,,,,,,,,,
Version Number: 2.2.2,,,,,,,,,,,,,,,,,,,,,,,,,,,,,,,,,,,,,,,,,,,,,,,,,,,,,,,,,
,,,,,,,,,,,,,,,,,,,,,,,,,,,,,,,,,,,,,,,,,,,,,,,,,,,,,,,,,
,,,,,,,,,,,,,,,,,,,,,,,,,,,,,,,,,,,,,,,,,,,,,,,,,,,,,,,,,
,,,,,,,,,,,,Gains,,,,,,,,Compensation,,,,,,,,,,,,,,,,,,,,,,,,,,,,,,,,,,,,,
  Sample Number ,  Sample ID ,  Number of Events ,  Termination Count ,  Count Gate ,  Dilution Factor ,  Original Volume ,  Cells/µL ,  Total Volume (µL) ,  Acquisition Time (s) ,  Date of Acquisition ,  Time of Acquisition ,  FSC Gain ,  SSC ,  GRN ,  YEL ,  RED ,  NIR ,  RED2 ,  NIR2 ,  GRN - %YEL ,  YEL - %GRN ,  RED - %YEL ,  YEL - %RED ,  RED - %NIR ,  NIR - %RED ,  YEL - %NIR ,  NIR - %YEL ,  GRN - %RED ,  RED - %GRN ,  GRN - %NIR ,  NIR - %GRN ,  RED2 - %YEL ,   YEL - %RED2 ,   RED2 - %RED ,   RED - %RED2 ,   RED2 - %GRN ,   GRN - %RED2 ,   RED2 - %NIR ,   NIR - %RED2 ,   RED2 - %NIR2 ,   NIR2 - %RED2 ,  NIR2 - %YEL ,   YEL - %NIR2 ,   NIR2 - %RED ,   RED - %NIR2 ,   NIR2 - %GRN ,   GRN - %NIR2 ,   NIR2 - %NIR ,   NIR - %NIR2 ,  Threshold Parameter ,  Threshold Value ,  Flow Rate (µL/s) ,  High Concentration Warning Trigger ,  # of Errors & Warnings ,  User Login Name ,  User Full Name ,   WorkList 
11, POC_D_a_1,608,10000, All Events,1,0.2,6.92E+01,8.79,14.9, 07-DEC-2022 , 09:57:13 ,30.64,1.09,1,17.45,2.28, ---, ---, ---,0,0,0,0, ---, ---, ---, ---,0,0, ---, ---, ---, ---, ---, ---, ---, ---, ---, ---, ---, ---, ---, ---, ---, ---, ---, ---, ---, ---, RED-HLin,5,0.59,500,2, GUAVAHT\GTI, Unknown,C:/Documents and Settings/GTI/Desktop/Nick Baetge/OL/OL22-3/Plate1.csv
12, POC_D_a_1,684,10000, All Events,1,0.2,7.78E+01,8.79,14.9, 07-DEC-2022 , 09:57:58 ,30.64,1.09,1,17.45,2.28, ---, ---, ---,0,0,0,0, ---, ---, ---, ---,0,0, ---, ---, ---, ---, ---, ---, ---, ---, ---, ---, ---, ---, ---, ---, ---, ---, ---, ---, ---, ---, RED-HLin,5,0.59,500,2, GUAVAHT\GTI, Unknown,C:/Documents and Settings/GTI/Desktop/Nick Baetge/OL/OL22-3/Plate1.csv
13, POC_D_b_1,1846,10000, All Events,1,0.2,2.10E+02,8.79,14.9, 07-DEC-2022 , 09:58:41 ,30.64,1.09,1,17.45,2.28, ---, ---, ---,0,0,0,0, ---, ---, ---, ---,0,0, ---, ---, ---, ---, ---, ---, ---, ---, ---, ---, ---, ---, ---, ---, ---, ---, ---, ---, ---, ---, RED-HLin,5,0.59,500,2, GUAVAHT\GTI, Unknown,C:/Documents and Settings/GTI/Desktop/Nick Baetge/OL/OL22-3/Plate1.csv
14, POC_D_b_1,2598,10000, All Events,1,0.2,2.96E+02,8.79,14.9, 07-DEC-2022 , 09:59:29 ,30.64,1.09,1,17.45,2.28, ---, ---, ---,0,0,0,0, ---, ---, ---, ---,0,0, ---, ---, ---, ---, ---, ---, ---, ---, ---, ---, ---, ---, ---, ---, ---, ---, ---, ---, ---, ---, RED-HLin,5,0.59,500,2, GUAVAHT\GTI, Unknown,C:/Documents and Settings/GTI/Desktop/Nick Baetge/OL/OL22-3/Plate1.csv
15, POC_D_c_1,2590,10000, All Events,1,0.2,2.95E+02,8.79,14.9, 07-DEC-2022 , 10:00:06 ,30.64,1.09,1,17.45,2.28, ---, ---, ---,0,0,0,0, ---, ---, ---, ---,0,0, ---, ---, ---, ---, ---, ---, ---, ---, ---, ---, ---, ---, ---, ---, ---, ---, ---, ---, ---, ---, RED-HLin,5,0.59,500,2, GUAVAHT\GTI, Unknown,C:/Documents and Settings/GTI/Desktop/Nick Baetge/OL/OL22-3/Plate1.csv
16, POC_D_c_1,3085,10000, All Events,1,0.2,3.51E+02,8.79,14.9, 07-DEC-2022 , 10:00:43 ,30.64,1.09,1,17.45,2.28, ---, ---, ---,0,0,0,0, ---, ---, ---, ---,0,0, ---, ---, ---, ---, ---, ---, ---, ---, ---, ---, ---, ---, ---, ---, ---, ---, ---, ---, ---, ---, RED-HLin,5,0.59,500,2, GUAVAHT\GTI, Unknown,C:/Documents and Settings/GTI/Desktop/Nick Baetge/OL/OL22-3/Plate1.csv
33, POC_D_a_2,3414,10000, All Events,1,0.2,3.88E+02,8.79,14.9, 07-DEC-2022 , 11:54:09 ,30.64,1.09,1,17.45,2.28, ---, ---, ---,0,0,0,0, ---, ---, ---, ---,0,0, ---, ---, ---, ---, ---, ---, ---, ---, ---, ---, ---, ---, ---, ---, ---, ---, ---, ---, ---, ---, RED-HLin,5,0.59,500,2, GUAVAHT\GTI, Unknown,C:/Documents and Settings/GTI/Desktop/Nick Baetge/OL/OL22-3/Plate1.csv
34, POC_D_a_2,3885,10000, All Events,1,0.2,4.42E+02,8.79,14.9, 07-DEC-2022 , 11:54:53 ,30.64,1.09,1,17.45,2.28, ---, ---, ---,0,0,0,0, ---, ---, ---, ---,0,0, ---, ---, ---, ---, ---, ---, ---, ---, ---, ---, ---, ---, ---, ---, ---, ---, ---, ---, ---, ---, RED-HLin,5,0.59,500,2, GUAVAHT\GTI, Unknown,C:/Documents and Settings/GTI/Desktop/Nick Baetge/OL/OL22-3/Plate1.csv
35, POC_D_b_2,10000,10000, All Events,1,0.2,2.16E+03,4.63,7.85, 07-DEC-2022 , 11:55:30 ,30.64,1.09,1,17.45,2.28, ---, ---, ---,0,0,0,0, ---, ---, ---, ---,0,0, ---, ---, ---, ---, ---, ---, ---, ---, ---, ---, ---, ---, ---, ---, ---, ---, ---, ---, ---, ---, RED-HLin,5,0.59,500,2, GUAVAHT\GTI, Unknown,C:/Documents and Settings/GTI/Desktop/Nick Baetge/OL/OL22-3/Plate1.csv
36, POC_D_b_2,10000,10000, All Events,1,0.2,2.15E+03,4.66,7.9, 07-DEC-2022 , 11:56:11 ,30.64,1.09,1,17.45,2.28, ---, ---, ---,0,0,0,0, ---, ---, ---, ---,0,0, ---, ---, ---, ---, ---, ---, ---, ---, ---, ---, ---, ---, ---, ---, ---, ---, ---, ---, ---, ---, RED-HLin,5,0.59,500,2, GUAVAHT\GTI, Unknown,C:/Documents and Settings/GTI/Desktop/Nick Baetge/OL/OL22-3/Plate1.csv
37, POC_D_c_2,6251,10000, All Events,1,0.2,7.11E+02,8.79,14.9, 07-DEC-2022 , 11:56:49 ,30.64,1.09,1,17.45,2.28, ---, ---, ---,0,0,0,0, ---, ---, ---, ---,0,0, ---, ---, ---, ---, ---, ---, ---, ---, ---, ---, ---, ---, ---, ---, ---, ---, ---, ---, ---, ---, RED-HLin,5,0.59,500,3, GUAVAHT\GTI, Unknown,C:/Documents and Settings/GTI/Desktop/Nick Baetge/OL/OL22-3/Plate1.csv
38, POC_D_c_2,6092,10000, All Events,1,0.2,6.93E+02,8.79,14.89, 07-DEC-2022 , 11:57:26 ,30.64,1.09,1,17.45,2.28, ---, ---, ---,0,0,0,0, ---, ---, ---, ---,0,0, ---, ---, ---, ---, ---, ---, ---, ---, ---, ---, ---, ---, ---, ---, ---, ---, ---, ---, ---, ---, RED-HLin,5,0.59,500,3, GUAVAHT\GTI, Unknown,C:/Documents and Settings/GTI/Desktop/Nick Baetge/OL/OL22-3/Plate1.csv
56, POC_A_a_3,17,10000, All Events,1,0.2,1.93E+00,8.79,14.9, 07-DEC-2022 , 14:33:34 ,30.64,1.09,1,17.45,2.28, ---, ---, ---,0,0,0,0, ---, ---, ---, ---,0,0, ---, ---, ---, ---, ---, ---, ---, ---, ---, ---, ---, ---, ---, ---, ---, ---, ---, ---, ---, ---, RED-HLin,5,0.59,500,3, GUAVAHT\GTI, Unknown,C:/Documents and Settings/GTI/Desktop/Nick Baetge/OL/OL22-3/Plate1.csv
57, POC_A_a_3,17,10000, All Events,1,0.2,1.93E+00,8.79,14.9, 07-DEC-2022 , 14:34:08 ,30.64,1.09,1,17.45,2.28, ---, ---, ---,0,0,0,0, ---, ---, ---, ---,0,0, ---, ---, ---, ---, ---, ---, ---, ---, ---, ---, ---, ---, ---, ---, ---, ---, ---, ---, ---, ---, RED-HLin,5,0.59,500,3, GUAVAHT\GTI, Unknown,C:/Documents and Settings/GTI/Desktop/Nick Baetge/OL/OL22-3/Plate1.csv
58, POC_A_b_3,10000,10000, All Events,1,0.2,2.21E+03,4.53,7.68, 07-DEC-2022 , 14:34:46 ,30.64,1.09,1,17.45,2.28, ---, ---, ---,0,0,0,0, ---, ---, ---, ---,0,0, ---, ---, ---, ---, ---, ---, ---, ---, ---, ---, ---, ---, ---, ---, ---, ---, ---, ---, ---, ---, RED-HLin,5,0.59,500,2, GUAVAHT\GTI, Unknown,C:/Documents and Settings/GTI/Desktop/Nick Baetge/OL/OL22-3/Plate1.csv
59, POC_A_b_3,10000,10000, All Events,1,0.2,2.21E+03,4.53,7.68, 07-DEC-2022 , 14:35:26 ,30.64,1.09,1,17.45,2.28, ---, ---, ---,0,0,0,0, ---, ---, ---, ---,0,0, ---, ---, ---, ---, ---, ---, ---, ---, ---, ---, ---, ---, ---, ---, ---, ---, ---, ---, ---, ---, RED-HLin,5,0.59,500,2, GUAVAHT\GTI, Unknown,C:/Documents and Settings/GTI/Desktop/Nick Baetge/OL/OL22-3/Plate1.csv
60, POC_A_c_3,10000,10000, All Events,1,0.2,2.17E+03,4.61,7.82, 07-DEC-2022 , 14:35:57 ,30.64,1.09,1,17.45,2.28, ---, ---, ---,0,0,0,0, ---, ---, ---, ---,0,0, ---, ---, ---, ---, ---, ---, ---, ---, ---, ---, ---, ---, ---, ---, ---, ---, ---, ---, ---, ---, RED-HLin,5,0.59,500,2, GUAVAHT\GTI, Unknown,C:/Documents and Settings/GTI/Desktop/Nick Baetge/OL/OL22-3/Plate1.csv
61, POC_A_c_3,10000,10000, All Events,1,0.2,2.18E+03,4.59,7.78, 07-DEC-2022 , 14:36:28 ,30.64,1.09,1,17.45,2.28, ---, ---, ---,0,0,0,0, ---, ---, ---, ---,0,0, ---, ---, ---, ---, ---, ---, ---, ---, ---, ---, ---, ---, ---, ---, ---, ---, ---, ---, ---, ---, RED-HLin,5,0.59,500,2, GUAVAHT\GTI, Unknown,C:/Documents and Settings/GTI/Desktop/Nick Baetge/OL/OL22-3/Plate1.csv
62, POC_B_a_3,214,10000, All Events,1,0.2,2.43E+01,8.79,14.9, 07-DEC-2022 , 14:37:05 ,30.64,1.09,1,17.45,2.28, ---, ---, ---,0,0,0,0, ---, ---, ---, ---,0,0, ---, ---, ---, ---, ---, ---, ---, ---, ---, ---, ---, ---, ---, ---, ---, ---, ---, ---, ---, ---, RED-HLin,5,0.59,500,2, GUAVAHT\GTI, Unknown,C:/Documents and Settings/GTI/Desktop/Nick Baetge/OL/OL22-3/Plate1.csv
63, POC_B_a_3,215,10000, All Events,1,0.2,2.46E+01,8.73,14.8, 07-DEC-2022 , 14:37:43 ,30.64,1.09,1,17.45,2.28, ---, ---, ---,0,0,0,0, ---, ---, ---, ---,0,0, ---, ---, ---, ---, ---, ---, ---, ---, ---, ---, ---, ---, ---, ---, ---, ---, ---, ---, ---, ---, RED-HLin,5,0.59,500,2, GUAVAHT\GTI, Unknown,C:/Documents and Settings/GTI/Desktop/Nick Baetge/OL/OL22-3/Plate1.csv
64, POC_B_b_3,16,10000, All Events,1,0.2,1.82E+00,8.79,14.9, 07-DEC-2022 , 14:38:21 ,30.64,1.09,1,17.45,2.28, ---, ---, ---,0,0,0,0, ---, ---, ---, ---,0,0, ---, ---, ---, ---, ---, ---, ---, ---, ---, ---, ---, ---, ---, ---, ---, ---, ---, ---, ---, ---, RED-HLin,5,0.59,500,3, GUAVAHT\GTI, Unknown,C:/Documents and Settings/GTI/Desktop/Nick Baetge/OL/OL22-3/Plate1.csv
65, POC_B_b_3,23,10000, All Events,1,0.2,2.62E+00,8.79,14.9, 07-DEC-2022 , 14:38:58 ,30.64,1.09,1,17.45,2.28, ---, ---, ---,0,0,0,0, ---, ---, ---, ---,0,0, ---, ---, ---, ---, ---, ---, ---, ---, ---, ---, ---, ---, ---, ---, ---, ---, ---, ---, ---, ---, RED-HLin,5,0.59,500,2, GUAVAHT\GTI, Unknown,C:/Documents and Settings/GTI/Desktop/Nick Baetge/OL/OL22-3/Plate1.csv
66, POC_B_c_3,15,10000, All Events,1,0.2,1.72E+00,8.73,14.8, 07-DEC-2022 , 14:39:36 ,30.64,1.09,1,17.45,2.28, ---, ---, ---,0,0,0,0, ---, ---, ---, ---,0,0, ---, ---, ---, ---, ---, ---, ---, ---, ---, ---, ---, ---, ---, ---, ---, ---, ---, ---, ---, ---, RED-HLin,5,0.59,500,2, GUAVAHT\GTI, Unknown,C:/Documents and Settings/GTI/Desktop/Nick Baetge/OL/OL22-3/Plate1.csv
67, POC_B_c_3,19,10000, All Events,1,0.2,2.16E+00,8.79,14.9, 07-DEC-2022 , 14:40:14 ,30.64,1.09,1,17.45,2.28, ---, ---, ---,0,0,0,0, ---, ---, ---, ---,0,0, ---, ---, ---, ---, ---, ---, ---, ---, ---, ---, ---, ---, ---, ---, ---, ---, ---, ---, ---, ---, RED-HLin,5,0.59,500,2, GUAVAHT\GTI, Unknown,C:/Documents and Settings/GTI/Desktop/Nick Baetge/OL/OL22-3/Plate1.csv
68, POC_C_a_3,5,10000, All Events,1,0.2,5.69E-01,8.79,14.9, 07-DEC-2022 , 14:40:52 ,30.64,1.09,1,17.45,2.28, ---, ---, ---,0,0,0,0, ---, ---, ---, ---,0,0, ---, ---, ---, ---, ---, ---, ---, ---, ---, ---, ---, ---, ---, ---, ---, ---, ---, ---, ---, ---, RED-HLin,5,0.59,500,2, GUAVAHT\GTI, Unknown,C:/Documents and Settings/GTI/Desktop/Nick Baetge/OL/OL22-3/Plate1.csv
69, POC_C_a_3,8,10000, All Events,1,0.2,9.10E-01,8.79,14.9, 07-DEC-2022 , 14:41:26 ,30.64,1.09,1,17.45,2.28, ---, ---, ---,0,0,0,0, ---, ---, ---, ---,0,0, ---, ---, ---, ---, ---, ---, ---, ---, ---, ---, ---, ---, ---, ---, ---, ---, ---, ---, ---, ---, RED-HLin,5,0.59,500,3, GUAVAHT\GTI, Unknown,C:/Documents and Settings/GTI/Desktop/Nick Baetge/OL/OL22-3/Plate1.csv
70, POC_C_b_3,12,10000, All Events,1,0.2,1.37E+00,8.79,14.9, 07-DEC-2022 , 14:42:10 ,30.64,1.09,1,17.45,2.28, ---, ---, ---,0,0,0,0, ---, ---, ---, ---,0,0, ---, ---, ---, ---, ---, ---, ---, ---, ---, ---, ---, ---, ---, ---, ---, ---, ---, ---, ---, ---, RED-HLin,5,0.59,500,2, GUAVAHT\GTI, Unknown,C:/Documents and Settings/GTI/Desktop/Nick Baetge/OL/OL22-3/Plate1.csv
71, POC_C_b_3,10,10000, All Events,1,0.2,1.14E+00,8.79,14.9, 07-DEC-2022 , 14:42:58 ,30.64,1.09,1,17.45,2.28, ---, ---, ---,0,0,0,0, ---, ---, ---, ---,0,0, ---, ---, ---, ---, ---, ---, ---, ---, ---, ---, ---, ---, ---, ---, ---, ---, ---, ---, ---, ---, RED-HLin,5,0.59,500,2, GUAVAHT\GTI, Unknown,C:/Documents and Settings/GTI/Desktop/Nick Baetge/OL/OL22-3/Plate1.csv
72, POC_C_c_3,26,10000, All Events,1,0.2,2.96E+00,8.79,14.9, 07-DEC-2022 , 14:43:36 ,30.64,1.09,1,17.45,2.28, ---, ---, ---,0,0,0,0, ---, ---, ---, ---,0,0, ---, ---, ---, ---, ---, ---, ---, ---, ---, ---, ---, ---, ---, ---, ---, ---, ---, ---, ---, ---, RED-HLin,5,0.59,500,2, GUAVAHT\GTI, Unknown,C:/Documents and Settings/GTI/Desktop/Nick Baetge/OL/OL22-3/Plate1.csv
73, POC_C_c_3,22,10000, All Events,1,0.2,2.50E+00,8.79,14.9, 07-DEC-2022 , 14:44:14 ,30.64,1.09,1,17.45,2.28, ---, ---, ---,0,0,0,0, ---, ---, ---, ---,0,0, ---, ---, ---, ---, ---, ---, ---, ---, ---, ---, ---, ---, ---, ---, ---, ---, ---, ---, ---, ---, RED-HLin,5,0.59,500,3, GUAVAHT\GTI, Unknown,C:/Documents and Settings/GTI/Desktop/Nick Baetge/OL/OL22-3/Plate1.csv
74, POC_D_a_3,148,10000, All Events,1,0.2,1.68E+01,8.79,14.9, 07-DEC-2022 , 14:44:52 ,30.64,1.09,1,17.45,2.28, ---, ---, ---,0,0,0,0, ---, ---, ---, ---,0,0, ---, ---, ---, ---, ---, ---, ---, ---, ---, ---, ---, ---, ---, ---, ---, ---, ---, ---, ---, ---, RED-HLin,5,0.59,500,2, GUAVAHT\GTI, Unknown,C:/Documents and Settings/GTI/Desktop/Nick Baetge/OL/OL22-3/Plate1.csv
75, POC_D_a_3,155,10000, All Events,1,0.2,1.76E+01,8.79,14.9, 07-DEC-2022 , 14:45:29 ,30.64,1.09,1,17.45,2.28, ---, ---, ---,0,0,0,0, ---, ---, ---, ---,0,0, ---, ---, ---, ---, ---, ---, ---, ---, ---, ---, ---, ---, ---, ---, ---, ---, ---, ---, ---, ---, RED-HLin,5,0.59,500,2, GUAVAHT\GTI, Unknown,C:/Documents and Settings/GTI/Desktop/Nick Baetge/OL/OL22-3/Plate1.csv
76, POC_D_b_3,5952,10000, All Events,1,0.2,6.77E+02,8.79,14.9, 07-DEC-2022 , 14:46:07 ,30.64,1.09,1,17.45,2.28, ---, ---, ---,0,0,0,0, ---, ---, ---, ---,0,0, ---, ---, ---, ---, ---, ---, ---, ---, ---, ---, ---, ---, ---, ---, ---, ---, ---, ---, ---, ---, RED-HLin,5,0.59,500,3, GUAVAHT\GTI, Unknown,C:/Documents and Settings/GTI/Desktop/Nick Baetge/OL/OL22-3/Plate1.csv
77, POC_D_b_3,5796,10000, All Events,1,0.2,6.59E+02,8.79,14.9, 07-DEC-2022 , 14:46:45 ,30.64,1.09,1,17.45,2.28, ---, ---, ---,0,0,0,0, ---, ---, ---, ---,0,0, ---, ---, ---, ---, ---, ---, ---, ---, ---, ---, ---, ---, ---, ---, ---, ---, ---, ---, ---, ---, RED-HLin,5,0.59,500,3, GUAVAHT\GTI, Unknown,C:/Documents and Settings/GTI/Desktop/Nick Baetge/OL/OL22-3/Plate1.csv
78, POC_D_c_3,10000,10000, All Events,1,0.2,2.01E+03,4.98,8.45, 07-DEC-2022 , 14:47:16 ,30.64,1.09,1,17.45,2.28, ---, ---, ---,0,0,0,0, ---, ---, ---, ---,0,0, ---, ---, ---, ---, ---, ---, ---, ---, ---, ---, ---, ---, ---, ---, ---, ---, ---, ---, ---, ---, RED-HLin,5,0.59,500,2, GUAVAHT\GTI, Unknown,C:/Documents and Settings/GTI/Desktop/Nick Baetge/OL/OL22-3/Plate1.csv
79, POC_D_c_3,10000,10000, All Events,1,0.2,1.88E+03,5.31,9, 07-DEC-2022 , 14:47:48 ,30.64,1.09,1,17.45,2.28, ---, ---, ---,0,0,0,0, ---, ---, ---, ---,0,0, ---, ---, ---, ---, ---, ---, ---, ---, ---, ---, ---, ---, ---, ---, ---, ---, ---, ---, ---, ---, RED-HLin,5,0.59,500,2, GUAVAHT\GTI, Unknown,C:/Documents and Settings/GTI/Desktop/Nick Baetge/OL/OL22-3/Plate1.csv
11, POC_D_a_4,751,10000, All Events,1,0.2,8.54E+01,8.79,14.9, 07-DEC-2022 , 15:57:33 ,30.64,1.09,1,17.45,2.28, ---, ---, ---,0,0,0,0, ---, ---, ---, ---,0,0, ---, ---, ---, ---, ---, ---, ---, ---, ---, ---, ---, ---, ---, ---, ---, ---, ---, ---, ---, ---, RED-HLin,5,0.59,500,2, GUAVAHT\GTI, Unknown,C:/Documents and Settings/GTI/Desktop/Nick Baetge/OL/OL22-3/Plate2.csv
12, POC_D_a_4,716,10000, All Events,1,0.2,8.15E+01,8.79,14.9, 07-DEC-2022 , 15:58:18 ,30.64,1.09,1,17.45,2.28, ---, ---, ---,0,0,0,0, ---, ---, ---, ---,0,0, ---, ---, ---, ---, ---, ---, ---, ---, ---, ---, ---, ---, ---, ---, ---, ---, ---, ---, ---, ---, RED-HLin,5,0.59,500,2, GUAVAHT\GTI, Unknown,C:/Documents and Settings/GTI/Desktop/Nick Baetge/OL/OL22-3/Plate2.csv
13, POC_D_b_4,353,10000, All Events,1,0.2,4.09E+01,8.64,14.64, 07-DEC-2022 , 15:59:02 ,30.64,1.09,1,17.45,2.28, ---, ---, ---,0,0,0,0, ---, ---, ---, ---,0,0, ---, ---, ---, ---, ---, ---, ---, ---, ---, ---, ---, ---, ---, ---, ---, ---, ---, ---, ---, ---, RED-HLin,5,0.59,500,2, GUAVAHT\GTI, Unknown,C:/Documents and Settings/GTI/Desktop/Nick Baetge/OL/OL22-3/Plate2.csv
14, POC_D_b_4,385,10000, All Events,1,0.2,4.38E+01,8.79,14.9, 07-DEC-2022 , 15:59:48 ,30.64,1.09,1,17.45,2.28, ---, ---, ---,0,0,0,0, ---, ---, ---, ---,0,0, ---, ---, ---, ---, ---, ---, ---, ---, ---, ---, ---, ---, ---, ---, ---, ---, ---, ---, ---, ---, RED-HLin,5,0.59,500,2, GUAVAHT\GTI, Unknown,C:/Documents and Settings/GTI/Desktop/Nick Baetge/OL/OL22-3/Plate2.csv
15, POC_D_c_4,57,10000, All Events,1,0.2,6.48E+00,8.79,14.9, 07-DEC-2022 , 16:00:26 ,30.64,1.09,1,17.45,2.28, ---, ---, ---,0,0,0,0, ---, ---, ---, ---,0,0, ---, ---, ---, ---, ---, ---, ---, ---, ---, ---, ---, ---, ---, ---, ---, ---, ---, ---, ---, ---, RED-HLin,5,0.59,500,3, GUAVAHT\GTI, Unknown,C:/Documents and Settings/GTI/Desktop/Nick Baetge/OL/OL22-3/Plate2.csv
16, POC_D_c_4,69,10000, All Events,1,0.2,7.85E+00,8.79,14.9, 07-DEC-2022 , 16:01:03 ,30.64,1.09,1,17.45,2.28, ---, ---, ---,0,0,0,0, ---, ---, ---, ---,0,0, ---, ---, ---, ---, ---, ---, ---, ---, ---, ---, ---, ---, ---, ---, ---, ---, ---, ---, ---, ---, RED-HLin,5,0.59,500,3, GUAVAHT\GTI, Unknown,C:/Documents and Settings/GTI/Desktop/Nick Baetge/OL/OL22-3/Plate2.csv
33, POC_D_a_5,23,10000, All Events,1,0.2,2.62E+00,8.79,14.9, 07-DEC-2022 , 17:57:40 ,30.64,1.09,1,17.45,2.28, ---, ---, ---,0,0,0,0, ---, ---, ---, ---,0,0, ---, ---, ---, ---, ---, ---, ---, ---, ---, ---, ---, ---, ---, ---, ---, ---, ---, ---, ---, ---, RED-HLin,5,0.59,500,3, GUAVAHT\GTI, Unknown,C:/Documents and Settings/GTI/Desktop/Nick Baetge/OL/OL22-3/Plate2.csv
34, POC_D_a_5,7,10000, All Events,1,0.2,7.96E-01,8.79,14.9, 07-DEC-2022 , 17:58:25 ,30.64,1.09,1,17.45,2.28, ---, ---, ---,0,0,0,0, ---, ---, ---, ---,0,0, ---, ---, ---, ---, ---, ---, ---, ---, ---, ---, ---, ---, ---, ---, ---, ---, ---, ---, ---, ---, RED-HLin,5,0.59,500,2, GUAVAHT\GTI, Unknown,C:/Documents and Settings/GTI/Desktop/Nick Baetge/OL/OL22-3/Plate2.csv
35, POC_D_b_5,159,10000, All Events,1,0.2,1.81E+01,8.79,14.9, 07-DEC-2022 , 17:59:09 ,30.64,1.09,1,17.45,2.28, ---, ---, ---,0,0,0,0, ---, ---, ---, ---,0,0, ---, ---, ---, ---, ---, ---, ---, ---, ---, ---, ---, ---, ---, ---, ---, ---, ---, ---, ---, ---, RED-HLin,5,0.59,500,2, GUAVAHT\GTI, Unknown,C:/Documents and Settings/GTI/Desktop/Nick Baetge/OL/OL22-3/Plate2.csv
36, POC_D_b_5,110,10000, All Events,1,0.2,1.25E+01,8.79,14.9, 07-DEC-2022 , 17:59:56 ,30.64,1.09,1,17.45,2.28, ---, ---, ---,0,0,0,0, ---, ---, ---, ---,0,0, ---, ---, ---, ---, ---, ---, ---, ---, ---, ---, ---, ---, ---, ---, ---, ---, ---, ---, ---, ---, RED-HLin,5,0.59,500,2, GUAVAHT\GTI, Unknown,C:/Documents and Settings/GTI/Desktop/Nick Baetge/OL/OL22-3/Plate2.csv
37, POC_D_c_5,7,10000, All Events,1,0.2,7.96E-01,8.79,14.9, 07-DEC-2022 , 18:00:34 ,30.64,1.09,1,17.45,2.28, ---, ---, ---,0,0,0,0, ---, ---, ---, ---,0,0, ---, ---, ---, ---, ---, ---, ---, ---, ---, ---, ---, ---, ---, ---, ---, ---, ---, ---, ---, ---, RED-HLin,5,0.59,500,3, GUAVAHT\GTI, Unknown,C:/Documents and Settings/GTI/Desktop/Nick Baetge/OL/OL22-3/Plate2.csv
38, POC_D_c_5,7,10000, All Events,1,0.2,7.96E-01,8.79,14.9, 07-DEC-2022 , 18:01:11 ,30.64,1.09,1,17.45,2.28, ---, ---, ---,0,0,0,0, ---, ---, ---, ---,0,0, ---, ---, ---, ---, ---, ---, ---, ---, ---, ---, ---, ---, ---, ---, ---, ---, ---, ---, ---, ---, RED-HLin,5,0.59,500,2, GUAVAHT\GTI, Unknown,C:/Documents and Settings/GTI/Desktop/Nick Baetge/OL/OL22-3/Plate2.csv
55, POC_A_a_6,27,10000, All Events,1,0.2,3.07E+00,8.79,14.9, 07-DEC-2022 , 20:02:38 ,30.64,1.09,1,17.45,2.28, ---, ---, ---,0,0,0,0, ---, ---, ---, ---,0,0, ---, ---, ---, ---, ---, ---, ---, ---, ---, ---, ---, ---, ---, ---, ---, ---, ---, ---, ---, ---, RED-HLin,5,0.59,500,3, GUAVAHT\GTI, Unknown,C:/Documents and Settings/GTI/Desktop/Nick Baetge/OL/OL22-3/Plate2.csv
56, POC_A_a_6,24,10000, All Events,1,0.2,2.73E+00,8.79,14.9, 07-DEC-2022 , 20:03:22 ,30.64,1.09,1,17.45,2.28, ---, ---, ---,0,0,0,0, ---, ---, ---, ---,0,0, ---, ---, ---, ---, ---, ---, ---, ---, ---, ---, ---, ---, ---, ---, ---, ---, ---, ---, ---, ---, RED-HLin,5,0.59,500,2, GUAVAHT\GTI, Unknown,C:/Documents and Settings/GTI/Desktop/Nick Baetge/OL/OL22-3/Plate2.csv
57, POC_A_b_6,9047,10000, All Events,1,0.2,1.03E+03,8.79,14.9, 07-DEC-2022 , 20:04:06 ,30.64,1.09,1,17.45,2.28, ---, ---, ---,0,0,0,0, ---, ---, ---, ---,0,0, ---, ---, ---, ---, ---, ---, ---, ---, ---, ---, ---, ---, ---, ---, ---, ---, ---, ---, ---, ---, RED-HLin,5,0.59,500,3, GUAVAHT\GTI, Unknown,C:/Documents and Settings/GTI/Desktop/Nick Baetge/OL/OL22-3/Plate2.csv
58, POC_A_b_6,9008,10000, All Events,1,0.2,1.03E+03,8.79,14.9, 07-DEC-2022 , 20:04:54 ,30.64,1.09,1,17.45,2.28, ---, ---, ---,0,0,0,0, ---, ---, ---, ---,0,0, ---, ---, ---, ---, ---, ---, ---, ---, ---, ---, ---, ---, ---, ---, ---, ---, ---, ---, ---, ---, RED-HLin,5,0.59,500,3, GUAVAHT\GTI, Unknown,C:/Documents and Settings/GTI/Desktop/Nick Baetge/OL/OL22-3/Plate2.csv
59, POC_A_c_6,175,10000, All Events,1,0.2,1.99E+01,8.79,14.9, 07-DEC-2022 , 20:05:32 ,30.64,1.09,1,17.45,2.28, ---, ---, ---,0,0,0,0, ---, ---, ---, ---,0,0, ---, ---, ---, ---, ---, ---, ---, ---, ---, ---, ---, ---, ---, ---, ---, ---, ---, ---, ---, ---, RED-HLin,5,0.59,500,2, GUAVAHT\GTI, Unknown,C:/Documents and Settings/GTI/Desktop/Nick Baetge/OL/OL22-3/Plate2.csv
60, POC_A_c_6,21,10000, All Events,1,0.2,2.39E+00,8.79,14.9, 07-DEC-2022 , 20:06:09 ,30.64,1.09,1,17.45,2.28, ---, ---, ---,0,0,0,0, ---, ---, ---, ---,0,0, ---, ---, ---, ---, ---, ---, ---, ---, ---, ---, ---, ---, ---, ---, ---, ---, ---, ---, ---, ---, RED-HLin,5,0.59,500,3, GUAVAHT\GTI, Unknown,C:/Documents and Settings/GTI/Desktop/Nick Baetge/OL/OL22-3/Plate2.csv
77, POC_A_a_7,83,10000, All Events,1,0.2,9.44E+00,8.79,14.9, 07-DEC-2022 , 22:07:40 ,30.64,1.09,1,17.45,2.28, ---, ---, ---,0,0,0,0, ---, ---, ---, ---,0,0, ---, ---, ---, ---, ---, ---, ---, ---, ---, ---, ---, ---, ---, ---, ---, ---, ---, ---, ---, ---, RED-HLin,5,0.59,500,3, GUAVAHT\GTI, Unknown,C:/Documents and Settings/GTI/Desktop/Nick Baetge/OL/OL22-3/Plate2.csv
78, POC_A_a_7,62,10000, All Events,1,0.2,7.05E+00,8.79,14.9, 07-DEC-2022 , 22:08:25 ,30.64,1.09,1,17.45,2.28, ---, ---, ---,0,0,0,0, ---, ---, ---, ---,0,0, ---, ---, ---, ---, ---, ---, ---, ---, ---, ---, ---, ---, ---, ---, ---, ---, ---, ---, ---, ---, RED-HLin,5,0.59,500,3, GUAVAHT\GTI, Unknown,C:/Documents and Settings/GTI/Desktop/Nick Baetge/OL/OL22-3/Plate2.csv
79, POC_A_b_7,2270,10000, All Events,1,0.2,2.58E+02,8.79,14.9, 07-DEC-2022 , 22:09:09 ,30.64,1.09,1,17.45,2.28, ---, ---, ---,0,0,0,0, ---, ---, ---, ---,0,0, ---, ---, ---, ---, ---, ---, ---, ---, ---, ---, ---, ---, ---, ---, ---, ---, ---, ---, ---, ---, RED-HLin,5,0.59,500,2, GUAVAHT\GTI, Unknown,C:/Documents and Settings/GTI/Desktop/Nick Baetge/OL/OL22-3/Plate2.csv
80, POC_A_b_7,2121,10000, All Events,1,0.2,2.41E+02,8.79,14.9, 07-DEC-2022 , 22:09:58 ,30.64,1.09,1,17.45,2.28, ---, ---, ---,0,0,0,0, ---, ---, ---, ---,0,0, ---, ---, ---, ---, ---, ---, ---, ---, ---, ---, ---, ---, ---, ---, ---, ---, ---, ---, ---, ---, RED-HLin,5,0.59,500,2, GUAVAHT\GTI, Unknown,C:/Documents and Settings/GTI/Desktop/Nick Baetge/OL/OL22-3/Plate2.csv
81, POC_A_c_7,129,10000, All Events,1,0.2,1.47E+01,8.79,14.9, 07-DEC-2022 , 22:10:36 ,30.64,1.09,1,17.45,2.28, ---, ---, ---,0,0,0,0, ---, ---, ---, ---,0,0, ---, ---, ---, ---, ---, ---, ---, ---, ---, ---, ---, ---, ---, ---, ---, ---, ---, ---, ---, ---, RED-HLin,5,0.59,500,2, GUAVAHT\GTI, Unknown,C:/Documents and Settings/GTI/Desktop/Nick Baetge/OL/OL22-3/Plate2.csv
82, POC_A_c_7,20,10000, All Events,1,0.2,2.28E+00,8.79,14.9, 07-DEC-2022 , 22:11:14 ,30.64,1.09,1,17.45,2.28, ---, ---, ---,0,0,0,0, ---, ---, ---, ---,0,0, ---, ---, ---, ---, ---, ---, ---, ---, ---, ---, ---, ---, ---, ---, ---, ---, ---, ---, ---, ---, RED-HLin,5,0.59,500,3, GUAVAHT\GTI, Unknown,C:/Documents and Settings/GTI/Desktop/Nick Baetge/OL/OL22-3/Plate2.csv
11, POC_D_a_8,3,10000, All Events,1,0.2,3.41E-01,8.79,14.9, 08-DEC-2022 , 00:14:42 ,30.64,1.09,1,17.45,2.28, ---, ---, ---,0,0,0,0, ---, ---, ---, ---,0,0, ---, ---, ---, ---, ---, ---, ---, ---, ---, ---, ---, ---, ---, ---, ---, ---, ---, ---, ---, ---, RED-HLin,5,0.59,500,2, GUAVAHT\GTI, Unknown,C:/Documents and Settings/GTI/Desktop/Nick Baetge/OL/OL22-3/Plate3.csv
12, POC_D_a_8,1,10000, All Events,1,0.2,1.14E-01,8.79,14.9, 08-DEC-2022 , 00:15:27 ,30.64,1.09,1,17.45,2.28, ---, ---, ---,0,0,0,0, ---, ---, ---, ---,0,0, ---, ---, ---, ---, ---, ---, ---, ---, ---, ---, ---, ---, ---, ---, ---, ---, ---, ---, ---, ---, RED-HLin,5,0.59,500,2, GUAVAHT\GTI, Unknown,C:/Documents and Settings/GTI/Desktop/Nick Baetge/OL/OL22-3/Plate3.csv
13, POC_D_b_8,4,10000, All Events,1,0.2,4.55E-01,8.79,14.9, 08-DEC-2022 , 00:16:10 ,30.64,1.09,1,17.45,2.28, ---, ---, ---,0,0,0,0, ---, ---, ---, ---,0,0, ---, ---, ---, ---, ---, ---, ---, ---, ---, ---, ---, ---, ---, ---, ---, ---, ---, ---, ---, ---, RED-HLin,5,0.59,500,3, GUAVAHT\GTI, Unknown,C:/Documents and Settings/GTI/Desktop/Nick Baetge/OL/OL22-3/Plate3.csv
14, POC_D_b_8,5,10000, All Events,1,0.2,5.69E-01,8.79,14.9, 08-DEC-2022 , 00:16:57 ,30.64,1.09,1,17.45,2.28, ---, ---, ---,0,0,0,0, ---, ---, ---, ---,0,0, ---, ---, ---, ---, ---, ---, ---, ---, ---, ---, ---, ---, ---, ---, ---, ---, ---, ---, ---, ---, RED-HLin,5,0.59,500,2, GUAVAHT\GTI, Unknown,C:/Documents and Settings/GTI/Desktop/Nick Baetge/OL/OL22-3/Plate3.csv
15, POC_D_c_8,2,10000, All Events,1,0.2,2.28E-01,8.79,14.9, 08-DEC-2022 , 00:17:35 ,30.64,1.09,1,17.45,2.28, ---, ---, ---,0,0,0,0, ---, ---, ---, ---,0,0, ---, ---, ---, ---, ---, ---, ---, ---, ---, ---, ---, ---, ---, ---, ---, ---, ---, ---, ---, ---, RED-HLin,5,0.59,500,2, GUAVAHT\GTI, Unknown,C:/Documents and Settings/GTI/Desktop/Nick Baetge/OL/OL22-3/Plate3.csv
16, POC_D_c_8,1,10000, All Events,1,0.2,1.14E-01,8.79,14.9, 08-DEC-2022 , 00:18:12 ,30.64,1.09,1,17.45,2.28, ---, ---, ---,0,0,0,0, ---, ---, ---, ---,0,0, ---, ---, ---, ---, ---, ---, ---, ---, ---, ---, ---, ---, ---, ---, ---, ---, ---, ---, ---, ---, RED-HLin,5,0.59,500,2, GUAVAHT\GTI, Unknown,C:/Documents and Settings/GTI/Desktop/Nick Baetge/OL/OL22-3/Plate3.csv
33, POC_A_a_9,28,10000, All Events,1,0.2,3.19E+00,8.79,14.9, 08-DEC-2022 , 01:48:01 ,30.64,1.09,1,17.45,2.28, ---, ---, ---,0,0,0,0, ---, ---, ---, ---,0,0, ---, ---, ---, ---, ---, ---, ---, ---, ---, ---, ---, ---, ---, ---, ---, ---, ---, ---, ---, ---, RED-HLin,5,0.59,500,3, GUAVAHT\GTI, Unknown,C:/Documents and Settings/GTI/Desktop/Nick Baetge/OL/OL22-3/Plate3.csv
34, POC_A_a_9,19,10000, All Events,1,0.2,2.16E+00,8.79,14.9, 08-DEC-2022 , 01:48:46 ,30.64,1.09,1,17.45,2.28, ---, ---, ---,0,0,0,0, ---, ---, ---, ---,0,0, ---, ---, ---, ---, ---, ---, ---, ---, ---, ---, ---, ---, ---, ---, ---, ---, ---, ---, ---, ---, RED-HLin,5,0.59,500,3, GUAVAHT\GTI, Unknown,C:/Documents and Settings/GTI/Desktop/Nick Baetge/OL/OL22-3/Plate3.csv
35, POC_A_b_9,202,10000, All Events,1,0.2,2.30E+01,8.79,14.9, 08-DEC-2022 , 01:49:30 ,30.64,1.09,1,17.45,2.28, ---, ---, ---,0,0,0,0, ---, ---, ---, ---,0,0, ---, ---, ---, ---, ---, ---, ---, ---, ---, ---, ---, ---, ---, ---, ---, ---, ---, ---, ---, ---, RED-HLin,5,0.59,500,2, GUAVAHT\GTI, Unknown,C:/Documents and Settings/GTI/Desktop/Nick Baetge/OL/OL22-3/Plate3.csv
36, POC_A_b_9,200,10000, All Events,1,0.2,2.28E+01,8.79,14.9, 08-DEC-2022 , 01:50:18 ,30.64,1.09,1,17.45,2.28, ---, ---, ---,0,0,0,0, ---, ---, ---, ---,0,0, ---, ---, ---, ---, ---, ---, ---, ---, ---, ---, ---, ---, ---, ---, ---, ---, ---, ---, ---, ---, RED-HLin,5,0.59,500,2, GUAVAHT\GTI, Unknown,C:/Documents and Settings/GTI/Desktop/Nick Baetge/OL/OL22-3/Plate3.csv
37, POC_A_c_9,18,10000, All Events,1,0.2,2.05E+00,8.79,14.9, 08-DEC-2022 , 01:50:56 ,30.64,1.09,1,17.45,2.28, ---, ---, ---,0,0,0,0, ---, ---, ---, ---,0,0, ---, ---, ---, ---, ---, ---, ---, ---, ---, ---, ---, ---, ---, ---, ---, ---, ---, ---, ---, ---, RED-HLin,5,0.59,500,3, GUAVAHT\GTI, Unknown,C:/Documents and Settings/GTI/Desktop/Nick Baetge/OL/OL22-3/Plate3.csv
38, POC_A_c_9,18,10000, All Events,1,0.2,2.05E+00,8.79,14.9, 08-DEC-2022 , 01:51:33 ,30.64,1.09,1,17.45,2.28, ---, ---, ---,0,0,0,0, ---, ---, ---, ---,0,0, ---, ---, ---, ---, ---, ---, ---, ---, ---, ---, ---, ---, ---, ---, ---, ---, ---, ---, ---, ---, RED-HLin,5,0.59,500,3, GUAVAHT\GTI, Unknown,C:/Documents and Settings/GTI/Desktop/Nick Baetge/OL/OL22-3/Plate3.csv
39, POC_B_a_9,28,10000, All Events,1,0.2,3.19E+00,8.79,14.9, 08-DEC-2022 , 01:52:11 ,30.64,1.09,1,17.45,2.28, ---, ---, ---,0,0,0,0, ---, ---, ---, ---,0,0, ---, ---, ---, ---, ---, ---, ---, ---, ---, ---, ---, ---, ---, ---, ---, ---, ---, ---, ---, ---, RED-HLin,5,0.59,500,3, GUAVAHT\GTI, Unknown,C:/Documents and Settings/GTI/Desktop/Nick Baetge/OL/OL22-3/Plate3.csv
40, POC_B_a_9,28,10000, All Events,1,0.2,3.19E+00,8.79,14.9, 08-DEC-2022 , 01:52:49 ,30.64,1.09,1,17.45,2.28, ---, ---, ---,0,0,0,0, ---, ---, ---, ---,0,0, ---, ---, ---, ---, ---, ---, ---, ---, ---, ---, ---, ---, ---, ---, ---, ---, ---, ---, ---, ---, RED-HLin,5,0.59,500,3, GUAVAHT\GTI, Unknown,C:/Documents and Settings/GTI/Desktop/Nick Baetge/OL/OL22-3/Plate3.csv
41, POC_B_b_9,58,10000, All Events,1,0.2,6.60E+00,8.79,14.9, 08-DEC-2022 , 01:53:26 ,30.64,1.09,1,17.45,2.28, ---, ---, ---,0,0,0,0, ---, ---, ---, ---,0,0, ---, ---, ---, ---, ---, ---, ---, ---, ---, ---, ---, ---, ---, ---, ---, ---, ---, ---, ---, ---, RED-HLin,5,0.59,500,3, GUAVAHT\GTI, Unknown,C:/Documents and Settings/GTI/Desktop/Nick Baetge/OL/OL22-3/Plate3.csv
42, POC_B_b_9,7,10000, All Events,1,0.2,7.96E-01,8.79,14.9, 08-DEC-2022 , 01:54:04 ,30.64,1.09,1,17.45,2.28, ---, ---, ---,0,0,0,0, ---, ---, ---, ---,0,0, ---, ---, ---, ---, ---, ---, ---, ---, ---, ---, ---, ---, ---, ---, ---, ---, ---, ---, ---, ---, RED-HLin,5,0.59,500,3, GUAVAHT\GTI, Unknown,C:/Documents and Settings/GTI/Desktop/Nick Baetge/OL/OL22-3/Plate3.csv
43, POC_B_c_9,7,10000, All Events,1,0.2,7.96E-01,8.79,14.9, 08-DEC-2022 , 01:54:41 ,30.64,1.09,1,17.45,2.28, ---, ---, ---,0,0,0,0, ---, ---, ---, ---,0,0, ---, ---, ---, ---, ---, ---, ---, ---, ---, ---, ---, ---, ---, ---, ---, ---, ---, ---, ---, ---, RED-HLin,5,0.59,500,3, GUAVAHT\GTI, Unknown,C:/Documents and Settings/GTI/Desktop/Nick Baetge/OL/OL22-3/Plate3.csv
44, POC_B_c_9,2,10000, All Events,1,0.2,2.28E-01,8.79,14.9, 08-DEC-2022 , 01:55:19 ,30.64,1.09,1,17.45,2.28, ---, ---, ---,0,0,0,0, ---, ---, ---, ---,0,0, ---, ---, ---, ---, ---, ---, ---, ---, ---, ---, ---, ---, ---, ---, ---, ---, ---, ---, ---, ---, RED-HLin,5,0.59,500,2, GUAVAHT\GTI, Unknown,C:/Documents and Settings/GTI/Desktop/Nick Baetge/OL/OL22-3/Plate3.csv
45, POC_C_a_9,11,10000, All Events,1,0.2,1.25E+00,8.79,14.9, 08-DEC-2022 , 01:55:57 ,30.64,1.09,1,17.45,2.28, ---, ---, ---,0,0,0,0, ---, ---, ---, ---,0,0, ---, ---, ---, ---, ---, ---, ---, ---, ---, ---, ---, ---, ---, ---, ---, ---, ---, ---, ---, ---, RED-HLin,5,0.59,500,3, GUAVAHT\GTI, Unknown,C:/Documents and Settings/GTI/Desktop/Nick Baetge/OL/OL22-3/Plate3.csv
46, POC_C_a_9,10,10000, All Events,1,0.2,1.14E+00,8.79,14.9, 08-DEC-2022 , 01:56:31 ,30.64,1.09,1,17.45,2.28, ---, ---, ---,0,0,0,0, ---, ---, ---, ---,0,0, ---, ---, ---, ---, ---, ---, ---, ---, ---, ---, ---, ---, ---, ---, ---, ---, ---, ---, ---, ---, RED-HLin,5,0.59,500,2, GUAVAHT\GTI, Unknown,C:/Documents and Settings/GTI/Desktop/Nick Baetge/OL/OL22-3/Plate3.csv
47, POC_C_b_9,48,10000, All Events,1,0.2,5.46E+00,8.79,14.9, 08-DEC-2022 , 01:57:15 ,30.64,1.09,1,17.45,2.28, ---, ---, ---,0,0,0,0, ---, ---, ---, ---,0,0, ---, ---, ---, ---, ---, ---, ---, ---, ---, ---, ---, ---, ---, ---, ---, ---, ---, ---, ---, ---, RED-HLin,5,0.59,500,3, GUAVAHT\GTI, Unknown,C:/Documents and Settings/GTI/Desktop/Nick Baetge/OL/OL22-3/Plate3.csv
48, POC_C_b_9,50,10000, All Events,1,0.2,5.69E+00,8.79,14.9, 08-DEC-2022 , 01:58:03 ,30.64,1.09,1,17.45,2.28, ---, ---, ---,0,0,0,0, ---, ---, ---, ---,0,0, ---, ---, ---, ---, ---, ---, ---, ---, ---, ---, ---, ---, ---, ---, ---, ---, ---, ---, ---, ---, RED-HLin,5,0.59,500,3, GUAVAHT\GTI, Unknown,C:/Documents and Settings/GTI/Desktop/Nick Baetge/OL/OL22-3/Plate3.csv
49, POC_C_c_9,9,10000, All Events,1,0.2,1.02E+00,8.79,14.9, 08-DEC-2022 , 01:58:41 ,30.64,1.09,1,17.45,2.28, ---, ---, ---,0,0,0,0, ---, ---, ---, ---,0,0, ---, ---, ---, ---, ---, ---, ---, ---, ---, ---, ---, ---, ---, ---, ---, ---, ---, ---, ---, ---, RED-HLin,5,0.59,500,3, GUAVAHT\GTI, Unknown,C:/Documents and Settings/GTI/Desktop/Nick Baetge/OL/OL22-3/Plate3.csv
50, POC_C_c_9,6,10000, All Events,1,0.2,6.83E-01,8.79,14.9, 08-DEC-2022 , 01:59:18 ,30.64,1.09,1,17.45,2.28, ---, ---, ---,0,0,0,0, ---, ---, ---, ---,0,0, ---, ---, ---, ---, ---, ---, ---, ---, ---, ---, ---, ---, ---, ---, ---, ---, ---, ---, ---, ---, RED-HLin,5,0.59,500,3, GUAVAHT\GTI, Unknown,C:/Documents and Settings/GTI/Desktop/Nick Baetge/OL/OL22-3/Plate3.csv
51, POC_D_a_9,14,10000, All Events,1,0.2,1.59E+00,8.79,14.9, 08-DEC-2022 , 01:59:56 ,30.64,1.09,1,17.45,2.28, ---, ---, ---,0,0,0,0, ---, ---, ---, ---,0,0, ---, ---, ---, ---, ---, ---, ---, ---, ---, ---, ---, ---, ---, ---, ---, ---, ---, ---, ---, ---, RED-HLin,5,0.59,500,3, GUAVAHT\GTI, Unknown,C:/Documents and Settings/GTI/Desktop/Nick Baetge/OL/OL22-3/Plate3.csv
52, POC_D_a_9,11,10000, All Events,1,0.2,1.25E+00,8.79,14.9, 08-DEC-2022 , 02:00:34 ,30.64,1.09,1,17.45,2.28, ---, ---, ---,0,0,0,0, ---, ---, ---, ---,0,0, ---, ---, ---, ---, ---, ---, ---, ---, ---, ---, ---, ---, ---, ---, ---, ---, ---, ---, ---, ---, RED-HLin,5,0.59,500,3, GUAVAHT\GTI, Unknown,C:/Documents and Settings/GTI/Desktop/Nick Baetge/OL/OL22-3/Plate3.csv
53, POC_D_b_9,19,10000, All Events,1,0.2,2.16E+00,8.79,14.9, 08-DEC-2022 , 02:01:11 ,30.64,1.09,1,17.45,2.28, ---, ---, ---,0,0,0,0, ---, ---, ---, ---,0,0, ---, ---, ---, ---, ---, ---, ---, ---, ---, ---, ---, ---, ---, ---, ---, ---, ---, ---, ---, ---, RED-HLin,5,0.59,500,3, GUAVAHT\GTI, Unknown,C:/Documents and Settings/GTI/Desktop/Nick Baetge/OL/OL22-3/Plate3.csv
54, POC_D_b_9,19,10000, All Events,1,0.2,2.16E+00,8.79,14.9, 08-DEC-2022 , 02:01:49 ,30.64,1.09,1,17.45,2.28, ---, ---, ---,0,0,0,0, ---, ---, ---, ---,0,0, ---, ---, ---, ---, ---, ---, ---, ---, ---, ---, ---, ---, ---, ---, ---, ---, ---, ---, ---, ---, RED-HLin,5,0.59,500,3, GUAVAHT\GTI, Unknown,C:/Documents and Settings/GTI/Desktop/Nick Baetge/OL/OL22-3/Plate3.csv
55, POC_D_c_9,4,10000, All Events,1,0.2,4.55E-01,8.79,14.9, 08-DEC-2022 , 02:02:27 ,30.64,1.09,1,17.45,2.28, ---, ---, ---,0,0,0,0, ---, ---, ---, ---,0,0, ---, ---, ---, ---, ---, ---, ---, ---, ---, ---, ---, ---, ---, ---, ---, ---, ---, ---, ---, ---, RED-HLin,5,0.59,500,2, GUAVAHT\GTI, Unknown,C:/Documents and Settings/GTI/Desktop/Nick Baetge/OL/OL22-3/Plate3.csv
56, POC_D_c_9,9,10000, All Events,1,0.2,1.02E+00,8.79,14.9, 08-DEC-2022 , 02:03:01 ,30.64,1.09,1,17.45,2.28, ---, ---, ---,0,0,0,0, ---, ---, ---, ---,0,0, ---, ---, ---, ---, ---, ---, ---, ---, ---, ---, ---, ---, ---, ---, ---, ---, ---, ---, ---, ---, RED-HLin,5,0.59,500,3, GUAVAHT\GTI, Unknown,C:/Documents and Settings/GTI/Desktop/Nick Baetge/OL/OL22-3/Plate3.csv
73, POC_D_a_10,104,10000, All Events,1,0.2,1.18E+01,8.79,14.9, 08-DEC-2022 , 03:57:29 ,30.64,1.09,1,17.45,2.28, ---, ---, ---,0,0,0,0, ---, ---, ---, ---,0,0, ---, ---, ---, ---, ---, ---, ---, ---, ---, ---, ---, ---, ---, ---, ---, ---, ---, ---, ---, ---, RED-HLin,5,0.59,500,2, GUAVAHT\GTI, Unknown,C:/Documents and Settings/GTI/Desktop/Nick Baetge/OL/OL22-3/Plate3.csv
74, POC_D_a_10,97,10000, All Events,1,0.2,1.10E+01,8.79,14.9, 08-DEC-2022 , 03:58:13 ,30.64,1.09,1,17.45,2.28, ---, ---, ---,0,0,0,0, ---, ---, ---, ---,0,0, ---, ---, ---, ---, ---, ---, ---, ---, ---, ---, ---, ---, ---, ---, ---, ---, ---, ---, ---, ---, RED-HLin,5,0.59,500,2, GUAVAHT\GTI, Unknown,C:/Documents and Settings/GTI/Desktop/Nick Baetge/OL/OL22-3/Plate3.csv
75, POC_D_b_10,4553,10000, All Events,1,0.2,5.18E+02,8.79,14.9, 08-DEC-2022 , 03:58:57 ,30.64,1.09,1,17.45,2.28, ---, ---, ---,0,0,0,0, ---, ---, ---, ---,0,0, ---, ---, ---, ---, ---, ---, ---, ---, ---, ---, ---, ---, ---, ---, ---, ---, ---, ---, ---, ---, RED-HLin,5,0.59,500,3, GUAVAHT\GTI, Unknown,C:/Documents and Settings/GTI/Desktop/Nick Baetge/OL/OL22-3/Plate3.csv
76, POC_D_b_10,4657,10000, All Events,1,0.2,5.30E+02,8.79,14.9, 08-DEC-2022 , 03:59:46 ,30.64,1.09,1,17.45,2.28, ---, ---, ---,0,0,0,0, ---, ---, ---, ---,0,0, ---, ---, ---, ---, ---, ---, ---, ---, ---, ---, ---, ---, ---, ---, ---, ---, ---, ---, ---, ---, RED-HLin,5,0.59,500,3, GUAVAHT\GTI, Unknown,C:/Documents and Settings/GTI/Desktop/Nick Baetge/OL/OL22-3/Plate3.csv
77, POC_D_c_10,6,10000, All Events,1,0.2,6.83E-01,8.79,14.9, 08-DEC-2022 , 04:00:24 ,30.64,1.09,1,17.45,2.28, ---, ---, ---,0,0,0,0, ---, ---, ---, ---,0,0, ---, ---, ---, ---, ---, ---, ---, ---, ---, ---, ---, ---, ---, ---, ---, ---, ---, ---, ---, ---, RED-HLin,5,0.59,500,2, GUAVAHT\GTI, Unknown,C:/Documents and Settings/GTI/Desktop/Nick Baetge/OL/OL22-3/Plate3.csv
78, POC_D_c_10,8,10000, All Events,1,0.2,9.10E-01,8.79,14.9, 08-DEC-2022 , 04:01:02 ,30.64,1.09,1,17.45,2.28, ---, ---, ---,0,0,0,0, ---, ---, ---, ---,0,0, ---, ---, ---, ---, ---, ---, ---, ---, ---, ---, ---, ---, ---, ---, ---, ---, ---, ---, ---, ---, RED-HLin,5,0.59,500,2, GUAVAHT\GTI, Unknown,C:/Documents and Settings/GTI/Desktop/Nick Baetge/OL/OL22-3/Plate3.csv
11, POC_D_a_11,43,10000, All Events,1,0.2,4.89E+00,8.79,14.9, 08-DEC-2022 , 05:47:59 ,30.64,1.09,1,17.45,2.28, ---, ---, ---,0,0,0,0, ---, ---, ---, ---,0,0, ---, ---, ---, ---, ---, ---, ---, ---, ---, ---, ---, ---, ---, ---, ---, ---, ---, ---, ---, ---, RED-HLin,5,0.59,500,3, GUAVAHT\GTI, Unknown,C:/Documents and Settings/GTI/Desktop/Nick Baetge/OL/OL22-3/Plate4.csv
12, POC_D_a_11,44,10000, All Events,1,0.2,5.01E+00,8.79,14.9, 08-DEC-2022 , 05:48:43 ,30.64,1.09,1,17.45,2.28, ---, ---, ---,0,0,0,0, ---, ---, ---, ---,0,0, ---, ---, ---, ---, ---, ---, ---, ---, ---, ---, ---, ---, ---, ---, ---, ---, ---, ---, ---, ---, RED-HLin,5,0.59,500,3, GUAVAHT\GTI, Unknown,C:/Documents and Settings/GTI/Desktop/Nick Baetge/OL/OL22-3/Plate4.csv
13, POC_D_b_11,41,10000, All Events,1,0.2,4.66E+00,8.79,14.9, 08-DEC-2022 , 05:49:27 ,30.64,1.09,1,17.45,2.28, ---, ---, ---,0,0,0,0, ---, ---, ---, ---,0,0, ---, ---, ---, ---, ---, ---, ---, ---, ---, ---, ---, ---, ---, ---, ---, ---, ---, ---, ---, ---, RED-HLin,5,0.59,500,3, GUAVAHT\GTI, Unknown,C:/Documents and Settings/GTI/Desktop/Nick Baetge/OL/OL22-3/Plate4.csv
14, POC_D_b_11,62,10000, All Events,1,0.2,7.05E+00,8.79,14.9, 08-DEC-2022 , 05:50:14 ,30.64,1.09,1,17.45,2.28, ---, ---, ---,0,0,0,0, ---, ---, ---, ---,0,0, ---, ---, ---, ---, ---, ---, ---, ---, ---, ---, ---, ---, ---, ---, ---, ---, ---, ---, ---, ---, RED-HLin,5,0.59,500,3, GUAVAHT\GTI, Unknown,C:/Documents and Settings/GTI/Desktop/Nick Baetge/OL/OL22-3/Plate4.csv
15, POC_D_c_11,6,10000, All Events,1,0.2,6.83E-01,8.79,14.9, 08-DEC-2022 , 05:50:51 ,30.64,1.09,1,17.45,2.28, ---, ---, ---,0,0,0,0, ---, ---, ---, ---,0,0, ---, ---, ---, ---, ---, ---, ---, ---, ---, ---, ---, ---, ---, ---, ---, ---, ---, ---, ---, ---, RED-HLin,5,0.59,500,2, GUAVAHT\GTI, Unknown,C:/Documents and Settings/GTI/Desktop/Nick Baetge/OL/OL22-3/Plate4.csv
16, POC_D_c_11,9,10000, All Events,1,0.2,1.02E+00,8.79,14.9, 08-DEC-2022 , 05:51:28 ,30.64,1.09,1,17.45,2.28, ---, ---, ---,0,0,0,0, ---, ---, ---, ---,0,0, ---, ---, ---, ---, ---, ---, ---, ---, ---, ---, ---, ---, ---, ---, ---, ---, ---, ---, ---, ---, RED-HLin,5,0.59,500,3, GUAVAHT\GTI, Unknown,C:/Documents and Settings/GTI/Desktop/Nick Baetge/OL/OL22-3/Plate4.csv
33, POC_D_a_12,168,10000, All Events,1,0.2,1.91E+01,8.79,14.9, 08-DEC-2022 , 07:47:12 ,30.64,1.09,1,17.45,2.28, ---, ---, ---,0,0,0,0, ---, ---, ---, ---,0,0, ---, ---, ---, ---, ---, ---, ---, ---, ---, ---, ---, ---, ---, ---, ---, ---, ---, ---, ---, ---, RED-HLin,5,0.59,500,2, GUAVAHT\GTI, Unknown,C:/Documents and Settings/GTI/Desktop/Nick Baetge/OL/OL22-3/Plate4.csv
34, POC_D_a_12,186,10000, All Events,1,0.2,2.12E+01,8.79,14.9, 08-DEC-2022 , 07:47:56 ,30.64,1.09,1,17.45,2.28, ---, ---, ---,0,0,0,0, ---, ---, ---, ---,0,0, ---, ---, ---, ---, ---, ---, ---, ---, ---, ---, ---, ---, ---, ---, ---, ---, ---, ---, ---, ---, RED-HLin,5,0.59,500,2, GUAVAHT\GTI, Unknown,C:/Documents and Settings/GTI/Desktop/Nick Baetge/OL/OL22-3/Plate4.csv
35, POC_D_b_12,13,10000, All Events,1,0.2,1.48E+00,8.79,14.9, 08-DEC-2022 , 07:48:40 ,30.64,1.09,1,17.45,2.28, ---, ---, ---,0,0,0,0, ---, ---, ---, ---,0,0, ---, ---, ---, ---, ---, ---, ---, ---, ---, ---, ---, ---, ---, ---, ---, ---, ---, ---, ---, ---, RED-HLin,5,0.59,500,3, GUAVAHT\GTI, Unknown,C:/Documents and Settings/GTI/Desktop/Nick Baetge/OL/OL22-3/Plate4.csv
36, POC_D_b_12,24,10000, All Events,1,0.2,2.73E+00,8.79,14.9, 08-DEC-2022 , 07:49:27 ,30.64,1.09,1,17.45,2.28, ---, ---, ---,0,0,0,0, ---, ---, ---, ---,0,0, ---, ---, ---, ---, ---, ---, ---, ---, ---, ---, ---, ---, ---, ---, ---, ---, ---, ---, ---, ---, RED-HLin,5,0.59,500,3, GUAVAHT\GTI, Unknown,C:/Documents and Settings/GTI/Desktop/Nick Baetge/OL/OL22-3/Plate4.csv
37, POC_D_c_12,10000,10000, All Events,1,0.2,2.19E+03,4.57,7.75, 08-DEC-2022 , 07:49:58 ,30.64,1.09,1,17.45,2.28, ---, ---, ---,0,0,0,0, ---, ---, ---, ---,0,0, ---, ---, ---, ---, ---, ---, ---, ---, ---, ---, ---, ---, ---, ---, ---, ---, ---, ---, ---, ---, RED-HLin,5,0.59,500,2, GUAVAHT\GTI, Unknown,C:/Documents and Settings/GTI/Desktop/Nick Baetge/OL/OL22-3/Plate4.csv
38, POC_D_c_12,10000,10000, All Events,1,0.2,2.22E+03,4.51,7.64, 08-DEC-2022 , 07:50:28 ,30.64,1.09,1,17.45,2.28, ---, ---, ---,0,0,0,0, ---, ---, ---, ---,0,0, ---, ---, ---, ---, ---, ---, ---, ---, ---, ---, ---, ---, ---, ---, ---, ---, ---, ---, ---, ---, RED-HLin,5,0.59,500,2, GUAVAHT\GTI, Unknown,C:/Documents and Settings/GTI/Desktop/Nick Baetge/OL/OL22-3/Plate4.csv
55, POC_D_a_13,23,10000, All Events,1,0.2,2.62E+00,8.79,14.9, 08-DEC-2022 , 09:51:13 ,30.64,1.09,1,17.45,2.28, ---, ---, ---,0,0,0,0, ---, ---, ---, ---,0,0, ---, ---, ---, ---, ---, ---, ---, ---, ---, ---, ---, ---, ---, ---, ---, ---, ---, ---, ---, ---, RED-HLin,5,0.59,500,3, GUAVAHT\GTI, Unknown,C:/Documents and Settings/GTI/Desktop/Nick Baetge/OL/OL22-3/Plate4.csv
56, POC_D_a_13,24,10000, All Events,1,0.2,2.73E+00,8.79,14.9, 08-DEC-2022 , 09:51:58 ,30.64,1.09,1,17.45,2.28, ---, ---, ---,0,0,0,0, ---, ---, ---, ---,0,0, ---, ---, ---, ---, ---, ---, ---, ---, ---, ---, ---, ---, ---, ---, ---, ---, ---, ---, ---, ---, RED-HLin,5,0.59,500,3, GUAVAHT\GTI, Unknown,C:/Documents and Settings/GTI/Desktop/Nick Baetge/OL/OL22-3/Plate4.csv
57, POC_D_b_13,14,10000, All Events,1,0.2,1.59E+00,8.79,14.9, 08-DEC-2022 , 09:52:42 ,30.64,1.09,1,17.45,2.28, ---, ---, ---,0,0,0,0, ---, ---, ---, ---,0,0, ---, ---, ---, ---, ---, ---, ---, ---, ---, ---, ---, ---, ---, ---, ---, ---, ---, ---, ---, ---, RED-HLin,5,0.59,500,3, GUAVAHT\GTI, Unknown,C:/Documents and Settings/GTI/Desktop/Nick Baetge/OL/OL22-3/Plate4.csv
58, POC_D_b_13,17,10000, All Events,1,0.2,1.93E+00,8.79,14.9, 08-DEC-2022 , 09:53:30 ,30.64,1.09,1,17.45,2.28, ---, ---, ---,0,0,0,0, ---, ---, ---, ---,0,0, ---, ---, ---, ---, ---, ---, ---, ---, ---, ---, ---, ---, ---, ---, ---, ---, ---, ---, ---, ---, RED-HLin,5,0.59,500,3, GUAVAHT\GTI, Unknown,C:/Documents and Settings/GTI/Desktop/Nick Baetge/OL/OL22-3/Plate4.csv
59, POC_D_c_13,25,10000, All Events,1,0.2,2.84E+00,8.79,14.9, 08-DEC-2022 , 09:54:07 ,30.64,1.09,1,17.45,2.28, ---, ---, ---,0,0,0,0, ---, ---, ---, ---,0,0, ---, ---, ---, ---, ---, ---, ---, ---, ---, ---, ---, ---, ---, ---, ---, ---, ---, ---, ---, ---, RED-HLin,5,0.59,500,3, GUAVAHT\GTI, Unknown,C:/Documents and Settings/GTI/Desktop/Nick Baetge/OL/OL22-3/Plate4.csv
60, POC_D_c_13,29,10000, All Events,1,0.2,3.30E+00,8.79,14.9, 08-DEC-2022 , 09:54:45 ,30.64,1.09,1,17.45,2.28, ---, ---, ---,0,0,0,0, ---, ---, ---, ---,0,0, ---, ---, ---, ---, ---, ---, ---, ---, ---, ---, ---, ---, ---, ---, ---, ---, ---, ---, ---, ---, RED-HLin,5,0.59,500,3, GUAVAHT\GTI, Unknown,C:/Documents and Settings/GTI/Desktop/Nick Baetge/OL/OL22-3/Plate4.csv
77, POC_D_a_14,5,10000, All Events,1,0.2,5.69E-01,8.79,14.9, 08-DEC-2022 , 11:51:54 ,30.64,1.09,1,17.45,2.28, ---, ---, ---,0,0,0,0, ---, ---, ---, ---,0,0, ---, ---, ---, ---, ---, ---, ---, ---, ---, ---, ---, ---, ---, ---, ---, ---, ---, ---, ---, ---, RED-HLin,5,0.59,500,2, GUAVAHT\GTI, Unknown,C:/Documents and Settings/GTI/Desktop/Nick Baetge/OL/OL22-3/Plate4.csv
78, POC_D_a_14,9,10000, All Events,1,0.2,1.02E+00,8.79,14.9, 08-DEC-2022 , 11:52:39 ,30.64,1.09,1,17.45,2.28, ---, ---, ---,0,0,0,0, ---, ---, ---, ---,0,0, ---, ---, ---, ---, ---, ---, ---, ---, ---, ---, ---, ---, ---, ---, ---, ---, ---, ---, ---, ---, RED-HLin,5,0.59,500,3, GUAVAHT\GTI, Unknown,C:/Documents and Settings/GTI/Desktop/Nick Baetge/OL/OL22-3/Plate4.csv
79, POC_D_b_14,21,10000, All Events,1,0.2,2.39E+00,8.79,14.9, 08-DEC-2022 , 11:53:23 ,30.64,1.09,1,17.45,2.28, ---, ---, ---,0,0,0,0, ---, ---, ---, ---,0,0, ---, ---, ---, ---, ---, ---, ---, ---, ---, ---, ---, ---, ---, ---, ---, ---, ---, ---, ---, ---, RED-HLin,5,0.59,500,3, GUAVAHT\GTI, Unknown,C:/Documents and Settings/GTI/Desktop/Nick Baetge/OL/OL22-3/Plate4.csv
80, POC_D_b_14,21,10000, All Events,1,0.2,2.39E+00,8.79,14.9, 08-DEC-2022 , 11:54:11 ,30.64,1.09,1,17.45,2.28, ---, ---, ---,0,0,0,0, ---, ---, ---, ---,0,0, ---, ---, ---, ---, ---, ---, ---, ---, ---, ---, ---, ---, ---, ---, ---, ---, ---, ---, ---, ---, RED-HLin,5,0.59,500,3, GUAVAHT\GTI, Unknown,C:/Documents and Settings/GTI/Desktop/Nick Baetge/OL/OL22-3/Plate4.csv
81, POC_D_c_14,53,10000, All Events,1,0.2,6.03E+00,8.79,14.9, 08-DEC-2022 , 11:54:49 ,30.64,1.09,1,17.45,2.28, ---, ---, ---,0,0,0,0, ---, ---, ---, ---,0,0, ---, ---, ---, ---, ---, ---, ---, ---, ---, ---, ---, ---, ---, ---, ---, ---, ---, ---, ---, ---, RED-HLin,5,0.59,500,3, GUAVAHT\GTI, Unknown,C:/Documents and Settings/GTI/Desktop/Nick Baetge/OL/OL22-3/Plate4.csv
82, POC_D_c_14,51,10000, All Events,1,0.2,5.80E+00,8.79,14.9, 08-DEC-2022 , 11:55:27 ,30.64,1.09,1,17.45,2.28, ---, ---, ---,0,0,0,0, ---, ---, ---, ---,0,0, ---, ---, ---, ---, ---, ---, ---, ---, ---, ---, ---, ---, ---, ---, ---, ---, ---, ---, ---, ---, RED-HLin,5,0.59,500,3, GUAVAHT\GTI, Unknown,C:/Documents and Settings/GTI/Desktop/Nick Baetge/OL/OL22-3/Plate4.csv
11, POC_A_a_15,14,10000, All Events,1,0.2,1.59E+00,8.79,14.9, 08-DEC-2022 , 13:59:51 ,30.64,1.09,1,17.45,2.28, ---, ---, ---,0,0,0,0, ---, ---, ---, ---,0,0, ---, ---, ---, ---, ---, ---, ---, ---, ---, ---, ---, ---, ---, ---, ---, ---, ---, ---, ---, ---, RED-HLin,5,0.59,500,3, GUAVAHT\GTI, Unknown,C:/Documents and Settings/GTI/Desktop/Nick Baetge/OL/OL22-3/Plate5.csv
12, POC_A_a_15,10,10000, All Events,1,0.2,1.14E+00,8.79,14.9, 08-DEC-2022 , 14:00:35 ,30.64,1.09,1,17.45,2.28, ---, ---, ---,0,0,0,0, ---, ---, ---, ---,0,0, ---, ---, ---, ---, ---, ---, ---, ---, ---, ---, ---, ---, ---, ---, ---, ---, ---, ---, ---, ---, RED-HLin,5,0.59,500,2, GUAVAHT\GTI, Unknown,C:/Documents and Settings/GTI/Desktop/Nick Baetge/OL/OL22-3/Plate5.csv
13, POC_A_b_15,24,10000, All Events,1,0.2,2.73E+00,8.79,14.9, 08-DEC-2022 , 14:01:19 ,30.64,1.09,1,17.45,2.28, ---, ---, ---,0,0,0,0, ---, ---, ---, ---,0,0, ---, ---, ---, ---, ---, ---, ---, ---, ---, ---, ---, ---, ---, ---, ---, ---, ---, ---, ---, ---, RED-HLin,5,0.59,500,3, GUAVAHT\GTI, Unknown,C:/Documents and Settings/GTI/Desktop/Nick Baetge/OL/OL22-3/Plate5.csv
14, POC_A_b_15,40,10000, All Events,1,0.2,4.55E+00,8.79,14.9, 08-DEC-2022 , 14:02:06 ,30.64,1.09,1,17.45,2.28, ---, ---, ---,0,0,0,0, ---, ---, ---, ---,0,0, ---, ---, ---, ---, ---, ---, ---, ---, ---, ---, ---, ---, ---, ---, ---, ---, ---, ---, ---, ---, RED-HLin,5,0.59,500,3, GUAVAHT\GTI, Unknown,C:/Documents and Settings/GTI/Desktop/Nick Baetge/OL/OL22-3/Plate5.csv
15, POC_A_c_15,45,10000, All Events,1,0.2,5.12E+00,8.79,14.9, 08-DEC-2022 , 14:02:43 ,30.64,1.09,1,17.45,2.28, ---, ---, ---,0,0,0,0, ---, ---, ---, ---,0,0, ---, ---, ---, ---, ---, ---, ---, ---, ---, ---, ---, ---, ---, ---, ---, ---, ---, ---, ---, ---, RED-HLin,5,0.59,500,3, GUAVAHT\GTI, Unknown,C:/Documents and Settings/GTI/Desktop/Nick Baetge/OL/OL22-3/Plate5.csv
16, POC_A_c_15,56,10000, All Events,1,0.2,6.37E+00,8.79,14.9, 08-DEC-2022 , 14:03:21 ,30.64,1.09,1,17.45,2.28, ---, ---, ---,0,0,0,0, ---, ---, ---, ---,0,0, ---, ---, ---, ---, ---, ---, ---, ---, ---, ---, ---, ---, ---, ---, ---, ---, ---, ---, ---, ---, RED-HLin,5,0.59,500,3, GUAVAHT\GTI, Unknown,C:/Documents and Settings/GTI/Desktop/Nick Baetge/OL/OL22-3/Plate5.csv
17, POC_B_a_15,6,10000, All Events,1,0.2,6.83E-01,8.79,14.9, 08-DEC-2022 , 14:03:58 ,30.64,1.09,1,17.45,2.28, ---, ---, ---,0,0,0,0, ---, ---, ---, ---,0,0, ---, ---, ---, ---, ---, ---, ---, ---, ---, ---, ---, ---, ---, ---, ---, ---, ---, ---, ---, ---, RED-HLin,5,0.59,500,2, GUAVAHT\GTI, Unknown,C:/Documents and Settings/GTI/Desktop/Nick Baetge/OL/OL22-3/Plate5.csv
18, POC_B_a_15,6,10000, All Events,1,0.2,6.83E-01,8.79,14.9, 08-DEC-2022 , 14:04:35 ,30.64,1.09,1,17.45,2.28, ---, ---, ---,0,0,0,0, ---, ---, ---, ---,0,0, ---, ---, ---, ---, ---, ---, ---, ---, ---, ---, ---, ---, ---, ---, ---, ---, ---, ---, ---, ---, RED-HLin,5,0.59,500,2, GUAVAHT\GTI, Unknown,C:/Documents and Settings/GTI/Desktop/Nick Baetge/OL/OL22-3/Plate5.csv
19, POC_B_b_15,23,10000, All Events,1,0.2,2.62E+00,8.79,14.9, 08-DEC-2022 , 14:05:13 ,30.64,1.09,1,17.45,2.28, ---, ---, ---,0,0,0,0, ---, ---, ---, ---,0,0, ---, ---, ---, ---, ---, ---, ---, ---, ---, ---, ---, ---, ---, ---, ---, ---, ---, ---, ---, ---, RED-HLin,5,0.59,500,3, GUAVAHT\GTI, Unknown,C:/Documents and Settings/GTI/Desktop/Nick Baetge/OL/OL22-3/Plate5.csv
20, POC_B_b_15,13,10000, All Events,1,0.2,1.48E+00,8.79,14.9, 08-DEC-2022 , 14:05:50 ,30.64,1.09,1,17.45,2.28, ---, ---, ---,0,0,0,0, ---, ---, ---, ---,0,0, ---, ---, ---, ---, ---, ---, ---, ---, ---, ---, ---, ---, ---, ---, ---, ---, ---, ---, ---, ---, RED-HLin,5,0.59,500,3, GUAVAHT\GTI, Unknown,C:/Documents and Settings/GTI/Desktop/Nick Baetge/OL/OL22-3/Plate5.csv
21, POC_B_c_15,20,10000, All Events,1,0.2,2.28E+00,8.79,14.9, 08-DEC-2022 , 14:06:28 ,30.64,1.09,1,17.45,2.28, ---, ---, ---,0,0,0,0, ---, ---, ---, ---,0,0, ---, ---, ---, ---, ---, ---, ---, ---, ---, ---, ---, ---, ---, ---, ---, ---, ---, ---, ---, ---, RED-HLin,5,0.59,500,3, GUAVAHT\GTI, Unknown,C:/Documents and Settings/GTI/Desktop/Nick Baetge/OL/OL22-3/Plate5.csv
22, POC_B_c_15,22,10000, All Events,1,0.2,2.50E+00,8.79,14.9, 08-DEC-2022 , 14:07:06 ,30.64,1.09,1,17.45,2.28, ---, ---, ---,0,0,0,0, ---, ---, ---, ---,0,0, ---, ---, ---, ---, ---, ---, ---, ---, ---, ---, ---, ---, ---, ---, ---, ---, ---, ---, ---, ---, RED-HLin,5,0.59,500,3, GUAVAHT\GTI, Unknown,C:/Documents and Settings/GTI/Desktop/Nick Baetge/OL/OL22-3/Plate5.csv
23, POC_C_a_15,5,10000, All Events,1,0.2,5.69E-01,8.79,14.9, 08-DEC-2022 , 14:07:43 ,30.64,1.09,1,17.45,2.28, ---, ---, ---,0,0,0,0, ---, ---, ---, ---,0,0, ---, ---, ---, ---, ---, ---, ---, ---, ---, ---, ---, ---, ---, ---, ---, ---, ---, ---, ---, ---, RED-HLin,5,0.59,500,2, GUAVAHT\GTI, Unknown,C:/Documents and Settings/GTI/Desktop/Nick Baetge/OL/OL22-3/Plate5.csv
24, POC_C_a_15,6,10000, All Events,1,0.2,6.83E-01,8.79,14.9, 08-DEC-2022 , 14:08:18 ,30.64,1.09,1,17.45,2.28, ---, ---, ---,0,0,0,0, ---, ---, ---, ---,0,0, ---, ---, ---, ---, ---, ---, ---, ---, ---, ---, ---, ---, ---, ---, ---, ---, ---, ---, ---, ---, RED-HLin,5,0.59,500,3, GUAVAHT\GTI, Unknown,C:/Documents and Settings/GTI/Desktop/Nick Baetge/OL/OL22-3/Plate5.csv
25, POC_C_b_15,32,10000, All Events,1,0.2,3.64E+00,8.79,14.9, 08-DEC-2022 , 14:09:02 ,30.64,1.09,1,17.45,2.28, ---, ---, ---,0,0,0,0, ---, ---, ---, ---,0,0, ---, ---, ---, ---, ---, ---, ---, ---, ---, ---, ---, ---, ---, ---, ---, ---, ---, ---, ---, ---, RED-HLin,5,0.59,500,3, GUAVAHT\GTI, Unknown,C:/Documents and Settings/GTI/Desktop/Nick Baetge/OL/OL22-3/Plate5.csv
26, POC_C_b_15,29,10000, All Events,1,0.2,3.30E+00,8.79,14.9, 08-DEC-2022 , 14:09:49 ,30.64,1.09,1,17.45,2.28, ---, ---, ---,0,0,0,0, ---, ---, ---, ---,0,0, ---, ---, ---, ---, ---, ---, ---, ---, ---, ---, ---, ---, ---, ---, ---, ---, ---, ---, ---, ---, RED-HLin,5,0.59,500,3, GUAVAHT\GTI, Unknown,C:/Documents and Settings/GTI/Desktop/Nick Baetge/OL/OL22-3/Plate5.csv
27, POC_C_c_15,16,10000, All Events,1,0.2,1.82E+00,8.79,14.9, 08-DEC-2022 , 14:10:26 ,30.64,1.09,1,17.45,2.28, ---, ---, ---,0,0,0,0, ---, ---, ---, ---,0,0, ---, ---, ---, ---, ---, ---, ---, ---, ---, ---, ---, ---, ---, ---, ---, ---, ---, ---, ---, ---, RED-HLin,5,0.59,500,3, GUAVAHT\GTI, Unknown,C:/Documents and Settings/GTI/Desktop/Nick Baetge/OL/OL22-3/Plate5.csv
28, POC_C_c_15,19,10000, All Events,1,0.2,2.16E+00,8.79,14.9, 08-DEC-2022 , 14:11:04 ,30.64,1.09,1,17.45,2.28, ---, ---, ---,0,0,0,0, ---, ---, ---, ---,0,0, ---, ---, ---, ---, ---, ---, ---, ---, ---, ---, ---, ---, ---, ---, ---, ---, ---, ---, ---, ---, RED-HLin,5,0.59,500,3, GUAVAHT\GTI, Unknown,C:/Documents and Settings/GTI/Desktop/Nick Baetge/OL/OL22-3/Plate5.csv
29, POC_D_a_15,7,10000, All Events,1,0.2,7.96E-01,8.79,14.9, 08-DEC-2022 , 14:11:41 ,30.64,1.09,1,17.45,2.28, ---, ---, ---,0,0,0,0, ---, ---, ---, ---,0,0, ---, ---, ---, ---, ---, ---, ---, ---, ---, ---, ---, ---, ---, ---, ---, ---, ---, ---, ---, ---, RED-HLin,5,0.59,500,2, GUAVAHT\GTI, Unknown,C:/Documents and Settings/GTI/Desktop/Nick Baetge/OL/OL22-3/Plate5.csv
30, POC_D_a_15,7,10000, All Events,1,0.2,7.96E-01,8.79,14.9, 08-DEC-2022 , 14:12:18 ,30.64,1.09,1,17.45,2.28, ---, ---, ---,0,0,0,0, ---, ---, ---, ---,0,0, ---, ---, ---, ---, ---, ---, ---, ---, ---, ---, ---, ---, ---, ---, ---, ---, ---, ---, ---, ---, RED-HLin,5,0.59,500,3, GUAVAHT\GTI, Unknown,C:/Documents and Settings/GTI/Desktop/Nick Baetge/OL/OL22-3/Plate5.csv
31, POC_D_b_15,15,10000, All Events,1,0.2,1.71E+00,8.79,14.9, 08-DEC-2022 , 14:12:56 ,30.64,1.09,1,17.45,2.28, ---, ---, ---,0,0,0,0, ---, ---, ---, ---,0,0, ---, ---, ---, ---, ---, ---, ---, ---, ---, ---, ---, ---, ---, ---, ---, ---, ---, ---, ---, ---, RED-HLin,5,0.59,500,3, GUAVAHT\GTI, Unknown,C:/Documents and Settings/GTI/Desktop/Nick Baetge/OL/OL22-3/Plate5.csv
32, POC_D_b_15,15,10000, All Events,1,0.2,1.71E+00,8.79,14.9, 08-DEC-2022 , 14:13:33 ,30.64,1.09,1,17.45,2.28, ---, ---, ---,0,0,0,0, ---, ---, ---, ---,0,0, ---, ---, ---, ---, ---, ---, ---, ---, ---, ---, ---, ---, ---, ---, ---, ---, ---, ---, ---, ---, RED-HLin,5,0.59,500,2, GUAVAHT\GTI, Unknown,C:/Documents and Settings/GTI/Desktop/Nick Baetge/OL/OL22-3/Plate5.csv
33, POC_D_c_15,13,10000, All Events,1,0.2,1.48E+00,8.79,14.9, 08-DEC-2022 , 14:14:11 ,30.64,1.09,1,17.45,2.28, ---, ---, ---,0,0,0,0, ---, ---, ---, ---,0,0, ---, ---, ---, ---, ---, ---, ---, ---, ---, ---, ---, ---, ---, ---, ---, ---, ---, ---, ---, ---, RED-HLin,5,0.59,500,2, GUAVAHT\GTI, Unknown,C:/Documents and Settings/GTI/Desktop/Nick Baetge/OL/OL22-3/Plate5.csv
34, POC_D_c_15,16,10000, All Events,1,0.2,1.82E+00,8.79,14.9, 08-DEC-2022 , 14:14:49 ,30.64,1.09,1,17.45,2.28, ---, ---, ---,0,0,0,0, ---, ---, ---, ---,0,0, ---, ---, ---, ---, ---, ---, ---, ---, ---, ---, ---, ---, ---, ---, ---, ---, ---, ---, ---, ---, RED-HLin,5,0.59,500,3, GUAVAHT\GTI, Unknown,C:/Documents and Settings/GTI/Desktop/Nick Baetge/OL/OL22-3/Plate5.csv