Current Date: 19-May-2022,,,,,,,,,,,,,,,,,,,,,,,,,,,,,,,,,,,,,,,,,,,,,,,,,,,,,,,,,
Instrument Serial Number: 6735115039,,,,,,,,,,,,,,,,,,,,,,,,,,,,,,,,,,,,,,,,,,,,,,,,,,,,,,,,,
Software Name: InCyte,,,,,,,,,,,,,,,,,,,,,,,,,,,,,,,,,,,,,,,,,,,,,,,,,,,,,,,,,
Version Number: 2.2.2,,,,,,,,,,,,,,,,,,,,,,,,,,,,,,,,,,,,,,,,,,,,,,,,,,,,,,,,,
,,,,,,,,,,,,,,,,,,,,,,,,,,,,,,,,,,,,,,,,,,,,,,,,,,,,,,,,,
,,,,,,,,,,,,,,,,,,,,,,,,,,,,,,,,,,,,,,,,,,,,,,,,,,,,,,,,,
,,,,,,,,,,,,Gains,,,,,,,,Compensation,,,,,,,,,,,,,,,,,,,,,,,,,,,,,,,,,,,,,
  Sample Number ,  Sample ID ,  Number of Events ,  Termination Count ,  Count Gate ,  Dilution Factor ,  Original Volume ,  Cells/µL ,  Total Volume (µL) ,  Acquisition Time (s) ,  Date of Acquisition ,  Time of Acquisition ,  FSC Gain ,  SSC ,  GRN ,  YEL ,  RED ,  NIR ,  RED2 ,  NIR2 ,  GRN - %YEL ,  YEL - %GRN ,  RED - %YEL ,  YEL - %RED ,  RED - %NIR ,  NIR - %RED ,  YEL - %NIR ,  NIR - %YEL ,  GRN - %RED ,  RED - %GRN ,  GRN - %NIR ,  NIR - %GRN ,  RED2 - %YEL ,   YEL - %RED2 ,   RED2 - %RED ,   RED - %RED2 ,   RED2 - %GRN ,   GRN - %RED2 ,   RED2 - %NIR ,   NIR - %RED2 ,   RED2 - %NIR2 ,   NIR2 - %RED2 ,  NIR2 - %YEL ,   YEL - %NIR2 ,   NIR2 - %RED ,   RED - %NIR2 ,   NIR2 - %GRN ,   GRN - %NIR2 ,   NIR2 - %NIR ,   NIR - %NIR2 ,  Threshold Parameter ,  Threshold Value ,  Flow Rate (µL/s) ,  High Concentration Warning Trigger ,  # of Errors & Warnings ,  User Login Name ,  User Full Name ,   WorkList 
1,POC_ B_a_1,1,10000, All Events,1,0.2,5.67E-02,17.64,29.9, 18-MAY-2022 , 09:36:18 ,1,1,1,90.51,1, ---, ---, ---,0,0,0,0, ---, ---, ---, ---,0,0, ---, ---, ---, ---, ---, ---, ---, ---, ---, ---, ---, ---, ---, ---, ---, ---, ---, ---, ---, ---, RED-HLin,5,0.59,500,2, GUAVAHT\GTI, Unknown, C:/Documents and Settings/GTI/Desktop/TP2214/Plate1.csv
2,POC_ B_a_1,2,10000, All Events,1,0.2,1.14E-01,17.49,29.64, 18-MAY-2022 , 09:37:21 ,1,1,1,90.51,1, ---, ---, ---,0,0,0,0, ---, ---, ---, ---,0,0, ---, ---, ---, ---, ---, ---, ---, ---, ---, ---, ---, ---, ---, ---, ---, ---, ---, ---, ---, ---, RED-HLin,5,0.59,500,3, GUAVAHT\GTI, Unknown, C:/Documents and Settings/GTI/Desktop/TP2214/Plate1.csv
3,POC_ B_b_1,1,10000, All Events,1,0.2,5.67E-02,17.64,29.9, 18-MAY-2022 , 09:38:13 ,1,1,1,90.51,1, ---, ---, ---,0,0,0,0, ---, ---, ---, ---,0,0, ---, ---, ---, ---, ---, ---, ---, ---, ---, ---, ---, ---, ---, ---, ---, ---, ---, ---, ---, ---, RED-HLin,5,0.59,500,2, GUAVAHT\GTI, Unknown, C:/Documents and Settings/GTI/Desktop/TP2214/Plate1.csv
4,POC_ B_b_1,0,10000, All Events,1,0.2,0.00E+00,17.64,29.9, 18-MAY-2022 , 09:39:05 ,1,1,1,90.51,1, ---, ---, ---,0,0,0,0, ---, ---, ---, ---,0,0, ---, ---, ---, ---, ---, ---, ---, ---, ---, ---, ---, ---, ---, ---, ---, ---, ---, ---, ---, ---, RED-HLin,5,0.59,500,2, GUAVAHT\GTI, Unknown, C:/Documents and Settings/GTI/Desktop/TP2214/Plate1.csv
5,POC_ B_c_1,1,10000, All Events,1,0.2,5.67E-02,17.64,29.9, 18-MAY-2022 , 09:39:58 ,1,1,1,90.51,1, ---, ---, ---,0,0,0,0, ---, ---, ---, ---,0,0, ---, ---, ---, ---, ---, ---, ---, ---, ---, ---, ---, ---, ---, ---, ---, ---, ---, ---, ---, ---, RED-HLin,5,0.59,500,2, GUAVAHT\GTI, Unknown, C:/Documents and Settings/GTI/Desktop/TP2214/Plate1.csv
6,POC_ B_c_1,1,10000, All Events,1,0.2,5.67E-02,17.64,29.9, 18-MAY-2022 , 09:40:47 ,1,1,1,90.51,1, ---, ---, ---,0,0,0,0, ---, ---, ---, ---,0,0, ---, ---, ---, ---, ---, ---, ---, ---, ---, ---, ---, ---, ---, ---, ---, ---, ---, ---, ---, ---, RED-HLin,5,0.59,500,2, GUAVAHT\GTI, Unknown, C:/Documents and Settings/GTI/Desktop/TP2214/Plate1.csv
7,POC_ A_a_2,1,10000, All Events,1,0.2,5.67E-02,17.64,29.9, 18-MAY-2022 , 11:57:25 ,1,1,1,90.51,1, ---, ---, ---,0,0,0,0, ---, ---, ---, ---,0,0, ---, ---, ---, ---, ---, ---, ---, ---, ---, ---, ---, ---, ---, ---, ---, ---, ---, ---, ---, ---, RED-HLin,5,0.59,500,2, GUAVAHT\GTI, Unknown, C:/Documents and Settings/GTI/Desktop/TP2214/Plate1.csv
8,POC_ A_a_2,0,10000, All Events,1,0.2,0.00E+00,17.64,29.9, 18-MAY-2022 , 11:58:28 ,1,1,1,90.51,1, ---, ---, ---,0,0,0,0, ---, ---, ---, ---,0,0, ---, ---, ---, ---, ---, ---, ---, ---, ---, ---, ---, ---, ---, ---, ---, ---, ---, ---, ---, ---, RED-HLin,5,0.59,500,2, GUAVAHT\GTI, Unknown, C:/Documents and Settings/GTI/Desktop/TP2214/Plate1.csv
9,POC_ A_b_2,0,10000, All Events,1,0.2,0.00E+00,17.64,29.9, 18-MAY-2022 , 11:59:20 ,1,1,1,90.51,1, ---, ---, ---,0,0,0,0, ---, ---, ---, ---,0,0, ---, ---, ---, ---, ---, ---, ---, ---, ---, ---, ---, ---, ---, ---, ---, ---, ---, ---, ---, ---, RED-HLin,5,0.59,500,2, GUAVAHT\GTI, Unknown, C:/Documents and Settings/GTI/Desktop/TP2214/Plate1.csv
10,POC_ A_b_2,2,10000, All Events,1,0.2,1.13E-01,17.64,29.9, 18-MAY-2022 , 12:00:13 ,1,1,1,90.51,1, ---, ---, ---,0,0,0,0, ---, ---, ---, ---,0,0, ---, ---, ---, ---, ---, ---, ---, ---, ---, ---, ---, ---, ---, ---, ---, ---, ---, ---, ---, ---, RED-HLin,5,0.59,500,2, GUAVAHT\GTI, Unknown, C:/Documents and Settings/GTI/Desktop/TP2214/Plate1.csv
11,POC_ A_c_2,0,10000, All Events,1,0.2,0.00E+00,17.64,29.9, 18-MAY-2022 , 12:01:06 ,1,1,1,90.51,1, ---, ---, ---,0,0,0,0, ---, ---, ---, ---,0,0, ---, ---, ---, ---, ---, ---, ---, ---, ---, ---, ---, ---, ---, ---, ---, ---, ---, ---, ---, ---, RED-HLin,5,0.59,500,2, GUAVAHT\GTI, Unknown, C:/Documents and Settings/GTI/Desktop/TP2214/Plate1.csv
12,POC_ A_c_2,0,10000, All Events,1,0.2,0.00E+00,17.64,29.9, 18-MAY-2022 , 12:01:56 ,1,1,1,90.51,1, ---, ---, ---,0,0,0,0, ---, ---, ---, ---,0,0, ---, ---, ---, ---, ---, ---, ---, ---, ---, ---, ---, ---, ---, ---, ---, ---, ---, ---, ---, ---, RED-HLin,5,0.59,500,2, GUAVAHT\GTI, Unknown, C:/Documents and Settings/GTI/Desktop/TP2214/Plate1.csv
13,POC_ B_a_2,0,10000, All Events,1,0.2,0.00E+00,17.64,29.9, 18-MAY-2022 , 12:02:55 ,1,1,1,90.51,1, ---, ---, ---,0,0,0,0, ---, ---, ---, ---,0,0, ---, ---, ---, ---, ---, ---, ---, ---, ---, ---, ---, ---, ---, ---, ---, ---, ---, ---, ---, ---, RED-HLin,5,0.59,500,2, GUAVAHT\GTI, Unknown, C:/Documents and Settings/GTI/Desktop/TP2214/Plate1.csv
14,POC_ B_a_2,1,10000, All Events,1,0.2,5.67E-02,17.64,29.9, 18-MAY-2022 , 12:03:57 ,1,1,1,90.51,1, ---, ---, ---,0,0,0,0, ---, ---, ---, ---,0,0, ---, ---, ---, ---, ---, ---, ---, ---, ---, ---, ---, ---, ---, ---, ---, ---, ---, ---, ---, ---, RED-HLin,5,0.59,500,2, GUAVAHT\GTI, Unknown, C:/Documents and Settings/GTI/Desktop/TP2214/Plate1.csv
15,POC_ B_b_2,0,10000, All Events,1,0.2,0.00E+00,17.64,29.9, 18-MAY-2022 , 12:04:49 ,1,1,1,90.51,1, ---, ---, ---,0,0,0,0, ---, ---, ---, ---,0,0, ---, ---, ---, ---, ---, ---, ---, ---, ---, ---, ---, ---, ---, ---, ---, ---, ---, ---, ---, ---, RED-HLin,5,0.59,500,2, GUAVAHT\GTI, Unknown, C:/Documents and Settings/GTI/Desktop/TP2214/Plate1.csv
16,POC_ B_b_2,0,10000, All Events,1,0.2,0.00E+00,17.64,29.9, 18-MAY-2022 , 12:05:42 ,1,1,1,90.51,1, ---, ---, ---,0,0,0,0, ---, ---, ---, ---,0,0, ---, ---, ---, ---, ---, ---, ---, ---, ---, ---, ---, ---, ---, ---, ---, ---, ---, ---, ---, ---, RED-HLin,5,0.59,500,2, GUAVAHT\GTI, Unknown, C:/Documents and Settings/GTI/Desktop/TP2214/Plate1.csv
17,POC_ B_c_2,0,10000, All Events,1,0.2,0.00E+00,17.64,29.9, 18-MAY-2022 , 12:06:34 ,1,1,1,90.51,1, ---, ---, ---,0,0,0,0, ---, ---, ---, ---,0,0, ---, ---, ---, ---, ---, ---, ---, ---, ---, ---, ---, ---, ---, ---, ---, ---, ---, ---, ---, ---, RED-HLin,5,0.59,500,2, GUAVAHT\GTI, Unknown, C:/Documents and Settings/GTI/Desktop/TP2214/Plate1.csv
18,POC_ B_c_2,0,10000, All Events,1,0.2,0.00E+00,17.64,29.9, 18-MAY-2022 , 12:07:27 ,1,1,1,90.51,1, ---, ---, ---,0,0,0,0, ---, ---, ---, ---,0,0, ---, ---, ---, ---, ---, ---, ---, ---, ---, ---, ---, ---, ---, ---, ---, ---, ---, ---, ---, ---, RED-HLin,5,0.59,500,2, GUAVAHT\GTI, Unknown, C:/Documents and Settings/GTI/Desktop/TP2214/Plate1.csv
19,POC_ C_a_2,0,10000, All Events,1,0.2,0.00E+00,17.64,29.9, 18-MAY-2022 , 12:08:19 ,1,1,1,90.51,1, ---, ---, ---,0,0,0,0, ---, ---, ---, ---,0,0, ---, ---, ---, ---, ---, ---, ---, ---, ---, ---, ---, ---, ---, ---, ---, ---, ---, ---, ---, ---, RED-HLin,5,0.59,500,2, GUAVAHT\GTI, Unknown, C:/Documents and Settings/GTI/Desktop/TP2214/Plate1.csv
20,POC_ C_a_2,0,10000, All Events,1,0.2,0.00E+00,17.64,29.9, 18-MAY-2022 , 12:09:12 ,1,1,1,90.51,1, ---, ---, ---,0,0,0,0, ---, ---, ---, ---,0,0, ---, ---, ---, ---, ---, ---, ---, ---, ---, ---, ---, ---, ---, ---, ---, ---, ---, ---, ---, ---, RED-HLin,5,0.59,500,2, GUAVAHT\GTI, Unknown, C:/Documents and Settings/GTI/Desktop/TP2214/Plate1.csv
21,POC_ C_b_2,0,10000, All Events,1,0.2,0.00E+00,17.64,29.9, 18-MAY-2022 , 12:10:05 ,1,1,1,90.51,1, ---, ---, ---,0,0,0,0, ---, ---, ---, ---,0,0, ---, ---, ---, ---, ---, ---, ---, ---, ---, ---, ---, ---, ---, ---, ---, ---, ---, ---, ---, ---, RED-HLin,5,0.59,500,2, GUAVAHT\GTI, Unknown, C:/Documents and Settings/GTI/Desktop/TP2214/Plate1.csv
22,POC_ C_b_2,0,10000, All Events,1,0.2,0.00E+00,17.61,29.85, 18-MAY-2022 , 12:10:58 ,1,1,1,90.51,1, ---, ---, ---,0,0,0,0, ---, ---, ---, ---,0,0, ---, ---, ---, ---, ---, ---, ---, ---, ---, ---, ---, ---, ---, ---, ---, ---, ---, ---, ---, ---, RED-HLin,5,0.59,500,2, GUAVAHT\GTI, Unknown, C:/Documents and Settings/GTI/Desktop/TP2214/Plate1.csv
23,POC_ C_c_2,1,10000, All Events,1,0.2,5.67E-02,17.64,29.9, 18-MAY-2022 , 12:11:51 ,1,1,1,90.51,1, ---, ---, ---,0,0,0,0, ---, ---, ---, ---,0,0, ---, ---, ---, ---, ---, ---, ---, ---, ---, ---, ---, ---, ---, ---, ---, ---, ---, ---, ---, ---, RED-HLin,5,0.59,500,2, GUAVAHT\GTI, Unknown, C:/Documents and Settings/GTI/Desktop/TP2214/Plate1.csv
24,POC_ C_c_2,1,10000, All Events,1,0.2,5.67E-02,17.64,29.9, 18-MAY-2022 , 12:12:40 ,1,1,1,90.51,1, ---, ---, ---,0,0,0,0, ---, ---, ---, ---,0,0, ---, ---, ---, ---, ---, ---, ---, ---, ---, ---, ---, ---, ---, ---, ---, ---, ---, ---, ---, ---, RED-HLin,5,0.59,500,2, GUAVAHT\GTI, Unknown, C:/Documents and Settings/GTI/Desktop/TP2214/Plate1.csv
25,POC_ B_a_3,0,10000, All Events,1,0.2,0.00E+00,17.64,29.9, 18-MAY-2022 , 13:40:48 ,1,1,1,90.51,1, ---, ---, ---,0,0,0,0, ---, ---, ---, ---,0,0, ---, ---, ---, ---, ---, ---, ---, ---, ---, ---, ---, ---, ---, ---, ---, ---, ---, ---, ---, ---, RED-HLin,5,0.59,500,2, GUAVAHT\GTI, Unknown, C:/Documents and Settings/GTI/Desktop/TP2214/Plate1.csv
26,POC_ B_a_3,1,10000, All Events,1,0.2,5.67E-02,17.64,29.9, 18-MAY-2022 , 13:41:51 ,1,1,1,90.51,1, ---, ---, ---,0,0,0,0, ---, ---, ---, ---,0,0, ---, ---, ---, ---, ---, ---, ---, ---, ---, ---, ---, ---, ---, ---, ---, ---, ---, ---, ---, ---, RED-HLin,5,0.59,500,2, GUAVAHT\GTI, Unknown, C:/Documents and Settings/GTI/Desktop/TP2214/Plate1.csv
27,POC_ B_b_3,3,10000, All Events,1,0.2,1.70E-01,17.64,29.9, 18-MAY-2022 , 13:42:43 ,1,1,1,90.51,1, ---, ---, ---,0,0,0,0, ---, ---, ---, ---,0,0, ---, ---, ---, ---, ---, ---, ---, ---, ---, ---, ---, ---, ---, ---, ---, ---, ---, ---, ---, ---, RED-HLin,5,0.59,500,2, GUAVAHT\GTI, Unknown, C:/Documents and Settings/GTI/Desktop/TP2214/Plate1.csv
28,POC_ B_b_3,1,10000, All Events,1,0.2,5.67E-02,17.64,29.9, 18-MAY-2022 , 13:43:36 ,1,1,1,90.51,1, ---, ---, ---,0,0,0,0, ---, ---, ---, ---,0,0, ---, ---, ---, ---, ---, ---, ---, ---, ---, ---, ---, ---, ---, ---, ---, ---, ---, ---, ---, ---, RED-HLin,5,0.59,500,2, GUAVAHT\GTI, Unknown, C:/Documents and Settings/GTI/Desktop/TP2214/Plate1.csv
29,POC_ B_c_3,0,10000, All Events,1,0.2,0.00E+00,17.64,29.9, 18-MAY-2022 , 13:44:29 ,1,1,1,90.51,1, ---, ---, ---,0,0,0,0, ---, ---, ---, ---,0,0, ---, ---, ---, ---, ---, ---, ---, ---, ---, ---, ---, ---, ---, ---, ---, ---, ---, ---, ---, ---, RED-HLin,5,0.59,500,2, GUAVAHT\GTI, Unknown, C:/Documents and Settings/GTI/Desktop/TP2214/Plate1.csv
30,POC_ B_c_3,2,10000, All Events,1,0.2,1.13E-01,17.64,29.9, 18-MAY-2022 , 13:45:18 ,1,1,1,90.51,1, ---, ---, ---,0,0,0,0, ---, ---, ---, ---,0,0, ---, ---, ---, ---, ---, ---, ---, ---, ---, ---, ---, ---, ---, ---, ---, ---, ---, ---, ---, ---, RED-HLin,5,0.59,500,2, GUAVAHT\GTI, Unknown, C:/Documents and Settings/GTI/Desktop/TP2214/Plate1.csv
31,POC_ B_a_4,1,10000, All Events,1,0.2,5.68E-02,17.61,29.85, 18-MAY-2022 , 15:33:58 ,1,1,1,90.51,1, ---, ---, ---,0,0,0,0, ---, ---, ---, ---,0,0, ---, ---, ---, ---, ---, ---, ---, ---, ---, ---, ---, ---, ---, ---, ---, ---, ---, ---, ---, ---, RED-HLin,5,0.59,500,2, GUAVAHT\GTI, Unknown, C:/Documents and Settings/GTI/Desktop/TP2214/Plate1.csv
32,POC_ B_a_4,3,10000, All Events,1,0.2,1.70E-01,17.64,29.9, 18-MAY-2022 , 15:35:01 ,1,1,1,90.51,1, ---, ---, ---,0,0,0,0, ---, ---, ---, ---,0,0, ---, ---, ---, ---, ---, ---, ---, ---, ---, ---, ---, ---, ---, ---, ---, ---, ---, ---, ---, ---, RED-HLin,5,0.59,500,2, GUAVAHT\GTI, Unknown, C:/Documents and Settings/GTI/Desktop/TP2214/Plate1.csv
33,POC_ B_b_4,2,10000, All Events,1,0.2,1.13E-01,17.64,29.9, 18-MAY-2022 , 15:35:54 ,1,1,1,90.51,1, ---, ---, ---,0,0,0,0, ---, ---, ---, ---,0,0, ---, ---, ---, ---, ---, ---, ---, ---, ---, ---, ---, ---, ---, ---, ---, ---, ---, ---, ---, ---, RED-HLin,5,0.59,500,2, GUAVAHT\GTI, Unknown, C:/Documents and Settings/GTI/Desktop/TP2214/Plate1.csv
34,POC_ B_b_4,1,10000, All Events,1,0.2,5.67E-02,17.64,29.9, 18-MAY-2022 , 15:36:46 ,1,1,1,90.51,1, ---, ---, ---,0,0,0,0, ---, ---, ---, ---,0,0, ---, ---, ---, ---, ---, ---, ---, ---, ---, ---, ---, ---, ---, ---, ---, ---, ---, ---, ---, ---, RED-HLin,5,0.59,500,2, GUAVAHT\GTI, Unknown, C:/Documents and Settings/GTI/Desktop/TP2214/Plate1.csv
35,POC_ B_c_4,0,10000, All Events,1,0.2,0.00E+00,17.64,29.9, 18-MAY-2022 , 15:37:40 ,1,1,1,90.51,1, ---, ---, ---,0,0,0,0, ---, ---, ---, ---,0,0, ---, ---, ---, ---, ---, ---, ---, ---, ---, ---, ---, ---, ---, ---, ---, ---, ---, ---, ---, ---, RED-HLin,5,0.59,500,2, GUAVAHT\GTI, Unknown, C:/Documents and Settings/GTI/Desktop/TP2214/Plate1.csv
36,POC_ B_c_4,0,10000, All Events,1,0.2,0.00E+00,17.64,29.9, 18-MAY-2022 , 15:38:29 ,1,1,1,90.51,1, ---, ---, ---,0,0,0,0, ---, ---, ---, ---,0,0, ---, ---, ---, ---, ---, ---, ---, ---, ---, ---, ---, ---, ---, ---, ---, ---, ---, ---, ---, ---, RED-HLin,5,0.59,500,2, GUAVAHT\GTI, Unknown, C:/Documents and Settings/GTI/Desktop/TP2214/Plate1.csv
37,POC_ B_a_5,0,10000, All Events,1,0.2,0.00E+00,17.64,29.9, 18-MAY-2022 , 17:33:30 ,1,1,1,90.51,1, ---, ---, ---,0,0,0,0, ---, ---, ---, ---,0,0, ---, ---, ---, ---, ---, ---, ---, ---, ---, ---, ---, ---, ---, ---, ---, ---, ---, ---, ---, ---, RED-HLin,5,0.59,500,2, GUAVAHT\GTI, Unknown, C:/Documents and Settings/GTI/Desktop/TP2214/Plate1.csv
38,POC_ B_a_5,1,10000, All Events,1,0.2,5.67E-02,17.64,29.9, 18-MAY-2022 , 17:34:33 ,1,1,1,90.51,1, ---, ---, ---,0,0,0,0, ---, ---, ---, ---,0,0, ---, ---, ---, ---, ---, ---, ---, ---, ---, ---, ---, ---, ---, ---, ---, ---, ---, ---, ---, ---, RED-HLin,5,0.59,500,2, GUAVAHT\GTI, Unknown, C:/Documents and Settings/GTI/Desktop/TP2214/Plate1.csv
39,POC_ B_b_5,3,10000, All Events,1,0.2,1.70E-01,17.64,29.9, 18-MAY-2022 , 17:35:25 ,1,1,1,90.51,1, ---, ---, ---,0,0,0,0, ---, ---, ---, ---,0,0, ---, ---, ---, ---, ---, ---, ---, ---, ---, ---, ---, ---, ---, ---, ---, ---, ---, ---, ---, ---, RED-HLin,5,0.59,500,2, GUAVAHT\GTI, Unknown, C:/Documents and Settings/GTI/Desktop/TP2214/Plate1.csv
40,POC_ B_b_5,2,10000, All Events,1,0.2,1.14E-01,17.58,29.8, 18-MAY-2022 , 17:36:18 ,1,1,1,90.51,1, ---, ---, ---,0,0,0,0, ---, ---, ---, ---,0,0, ---, ---, ---, ---, ---, ---, ---, ---, ---, ---, ---, ---, ---, ---, ---, ---, ---, ---, ---, ---, RED-HLin,5,0.59,500,2, GUAVAHT\GTI, Unknown, C:/Documents and Settings/GTI/Desktop/TP2214/Plate1.csv
41,POC_ B_c_5,0,10000, All Events,1,0.2,0.00E+00,17.64,29.9, 18-MAY-2022 , 17:37:11 ,1,1,1,90.51,1, ---, ---, ---,0,0,0,0, ---, ---, ---, ---,0,0, ---, ---, ---, ---, ---, ---, ---, ---, ---, ---, ---, ---, ---, ---, ---, ---, ---, ---, ---, ---, RED-HLin,5,0.59,500,2, GUAVAHT\GTI, Unknown, C:/Documents and Settings/GTI/Desktop/TP2214/Plate1.csv
42,POC_ B_c_5,3,10000, All Events,1,0.2,1.70E-01,17.64,29.9, 18-MAY-2022 , 17:38:00 ,1,1,1,90.51,1, ---, ---, ---,0,0,0,0, ---, ---, ---, ---,0,0, ---, ---, ---, ---, ---, ---, ---, ---, ---, ---, ---, ---, ---, ---, ---, ---, ---, ---, ---, ---, RED-HLin,5,0.59,500,2, GUAVAHT\GTI, Unknown, C:/Documents and Settings/GTI/Desktop/TP2214/Plate1.csv
43,POC_ B_a_6,3,10000, All Events,1,0.2,1.70E-01,17.64,29.9, 18-MAY-2022 , 19:39:19 ,1,1,1,90.51,1, ---, ---, ---,0,0,0,0, ---, ---, ---, ---,0,0, ---, ---, ---, ---, ---, ---, ---, ---, ---, ---, ---, ---, ---, ---, ---, ---, ---, ---, ---, ---, RED-HLin,5,0.59,500,2, GUAVAHT\GTI, Unknown, C:/Documents and Settings/GTI/Desktop/TP2214/Plate1.csv
44,POC_ B_a_6,0,10000, All Events,1,0.2,0.00E+00,17.58,29.8, 18-MAY-2022 , 19:40:22 ,1,1,1,90.51,1, ---, ---, ---,0,0,0,0, ---, ---, ---, ---,0,0, ---, ---, ---, ---, ---, ---, ---, ---, ---, ---, ---, ---, ---, ---, ---, ---, ---, ---, ---, ---, RED-HLin,5,0.59,500,2, GUAVAHT\GTI, Unknown, C:/Documents and Settings/GTI/Desktop/TP2214/Plate1.csv
45,POC_ B_b_6,4,10000, All Events,1,0.2,2.27E-01,17.64,29.9, 18-MAY-2022 , 19:41:14 ,1,1,1,90.51,1, ---, ---, ---,0,0,0,0, ---, ---, ---, ---,0,0, ---, ---, ---, ---, ---, ---, ---, ---, ---, ---, ---, ---, ---, ---, ---, ---, ---, ---, ---, ---, RED-HLin,5,0.59,500,2, GUAVAHT\GTI, Unknown, C:/Documents and Settings/GTI/Desktop/TP2214/Plate1.csv
46,POC_ B_b_6,1,10000, All Events,1,0.2,5.67E-02,17.64,29.9, 18-MAY-2022 , 19:42:07 ,1,1,1,90.51,1, ---, ---, ---,0,0,0,0, ---, ---, ---, ---,0,0, ---, ---, ---, ---, ---, ---, ---, ---, ---, ---, ---, ---, ---, ---, ---, ---, ---, ---, ---, ---, RED-HLin,5,0.59,500,2, GUAVAHT\GTI, Unknown, C:/Documents and Settings/GTI/Desktop/TP2214/Plate1.csv
47,POC_ B_c_6,1,10000, All Events,1,0.2,5.67E-02,17.64,29.9, 18-MAY-2022 , 19:43:00 ,1,1,1,90.51,1, ---, ---, ---,0,0,0,0, ---, ---, ---, ---,0,0, ---, ---, ---, ---, ---, ---, ---, ---, ---, ---, ---, ---, ---, ---, ---, ---, ---, ---, ---, ---, RED-HLin,5,0.59,500,2, GUAVAHT\GTI, Unknown, C:/Documents and Settings/GTI/Desktop/TP2214/Plate1.csv
48,POC_ B_c_6,0,10000, All Events,1,0.2,0.00E+00,17.64,29.9, 18-MAY-2022 , 19:43:49 ,1,1,1,90.51,1, ---, ---, ---,0,0,0,0, ---, ---, ---, ---,0,0, ---, ---, ---, ---, ---, ---, ---, ---, ---, ---, ---, ---, ---, ---, ---, ---, ---, ---, ---, ---, RED-HLin,5,0.59,500,2, GUAVAHT\GTI, Unknown, C:/Documents and Settings/GTI/Desktop/TP2214/Plate1.csv
49,POC_ A_a_7,1,10000, All Events,1,0.2,5.67E-02,17.64,29.9, 18-MAY-2022 , 21:51:10 ,1,1,1,90.51,1, ---, ---, ---,0,0,0,0, ---, ---, ---, ---,0,0, ---, ---, ---, ---, ---, ---, ---, ---, ---, ---, ---, ---, ---, ---, ---, ---, ---, ---, ---, ---, RED-HLin,5,0.59,500,2, GUAVAHT\GTI, Unknown, C:/Documents and Settings/GTI/Desktop/TP2214/Plate1.csv
50,POC_ A_a_7,2,10000, All Events,1,0.2,1.13E-01,17.64,29.9, 18-MAY-2022 , 21:52:13 ,1,1,1,90.51,1, ---, ---, ---,0,0,0,0, ---, ---, ---, ---,0,0, ---, ---, ---, ---, ---, ---, ---, ---, ---, ---, ---, ---, ---, ---, ---, ---, ---, ---, ---, ---, RED-HLin,5,0.59,500,2, GUAVAHT\GTI, Unknown, C:/Documents and Settings/GTI/Desktop/TP2214/Plate1.csv
51,POC_ A_b_7,3,10000, All Events,1,0.2,1.70E-01,17.64,29.9, 18-MAY-2022 , 21:53:06 ,1,1,1,90.51,1, ---, ---, ---,0,0,0,0, ---, ---, ---, ---,0,0, ---, ---, ---, ---, ---, ---, ---, ---, ---, ---, ---, ---, ---, ---, ---, ---, ---, ---, ---, ---, RED-HLin,5,0.59,500,2, GUAVAHT\GTI, Unknown, C:/Documents and Settings/GTI/Desktop/TP2214/Plate1.csv
52,POC_ A_b_7,3,10000, All Events,1,0.2,1.70E-01,17.64,29.9, 18-MAY-2022 , 21:53:59 ,1,1,1,90.51,1, ---, ---, ---,0,0,0,0, ---, ---, ---, ---,0,0, ---, ---, ---, ---, ---, ---, ---, ---, ---, ---, ---, ---, ---, ---, ---, ---, ---, ---, ---, ---, RED-HLin,5,0.59,500,2, GUAVAHT\GTI, Unknown, C:/Documents and Settings/GTI/Desktop/TP2214/Plate1.csv
53,POC_ A_c_7,2,10000, All Events,1,0.2,1.13E-01,17.64,29.9, 18-MAY-2022 , 21:54:52 ,1,1,1,90.51,1, ---, ---, ---,0,0,0,0, ---, ---, ---, ---,0,0, ---, ---, ---, ---, ---, ---, ---, ---, ---, ---, ---, ---, ---, ---, ---, ---, ---, ---, ---, ---, RED-HLin,5,0.59,500,2, GUAVAHT\GTI, Unknown, C:/Documents and Settings/GTI/Desktop/TP2214/Plate1.csv
54,POC_ A_c_7,2,10000, All Events,1,0.2,1.13E-01,17.64,29.9, 18-MAY-2022 , 21:55:45 ,1,1,1,90.51,1, ---, ---, ---,0,0,0,0, ---, ---, ---, ---,0,0, ---, ---, ---, ---, ---, ---, ---, ---, ---, ---, ---, ---, ---, ---, ---, ---, ---, ---, ---, ---, RED-HLin,5,0.59,500,2, GUAVAHT\GTI, Unknown, C:/Documents and Settings/GTI/Desktop/TP2214/Plate1.csv
55,POC_ B_a_7,0,10000, All Events,1,0.2,0.00E+00,17.49,29.64, 18-MAY-2022 , 21:56:38 ,1,1,1,90.51,1, ---, ---, ---,0,0,0,0, ---, ---, ---, ---,0,0, ---, ---, ---, ---, ---, ---, ---, ---, ---, ---, ---, ---, ---, ---, ---, ---, ---, ---, ---, ---, RED-HLin,5,0.59,500,2, GUAVAHT\GTI, Unknown, C:/Documents and Settings/GTI/Desktop/TP2214/Plate1.csv
56,POC_ B_a_7,2,10000, All Events,1,0.2,1.13E-01,17.64,29.9, 18-MAY-2022 , 21:57:31 ,1,1,1,90.51,1, ---, ---, ---,0,0,0,0, ---, ---, ---, ---,0,0, ---, ---, ---, ---, ---, ---, ---, ---, ---, ---, ---, ---, ---, ---, ---, ---, ---, ---, ---, ---, RED-HLin,5,0.59,500,2, GUAVAHT\GTI, Unknown, C:/Documents and Settings/GTI/Desktop/TP2214/Plate1.csv
57,POC_ B_b_7,2,10000, All Events,1,0.2,1.13E-01,17.64,29.9, 18-MAY-2022 , 21:58:23 ,1,1,1,90.51,1, ---, ---, ---,0,0,0,0, ---, ---, ---, ---,0,0, ---, ---, ---, ---, ---, ---, ---, ---, ---, ---, ---, ---, ---, ---, ---, ---, ---, ---, ---, ---, RED-HLin,5,0.59,500,2, GUAVAHT\GTI, Unknown, C:/Documents and Settings/GTI/Desktop/TP2214/Plate1.csv
58,POC_ B_b_7,0,10000, All Events,1,0.2,0.00E+00,17.64,29.9, 18-MAY-2022 , 21:59:16 ,1,1,1,90.51,1, ---, ---, ---,0,0,0,0, ---, ---, ---, ---,0,0, ---, ---, ---, ---, ---, ---, ---, ---, ---, ---, ---, ---, ---, ---, ---, ---, ---, ---, ---, ---, RED-HLin,5,0.59,500,2, GUAVAHT\GTI, Unknown, C:/Documents and Settings/GTI/Desktop/TP2214/Plate1.csv
59,POC_ B_c_7,0,10000, All Events,1,0.2,0.00E+00,17.64,29.9, 18-MAY-2022 , 22:00:09 ,1,1,1,90.51,1, ---, ---, ---,0,0,0,0, ---, ---, ---, ---,0,0, ---, ---, ---, ---, ---, ---, ---, ---, ---, ---, ---, ---, ---, ---, ---, ---, ---, ---, ---, ---, RED-HLin,5,0.59,500,2, GUAVAHT\GTI, Unknown, C:/Documents and Settings/GTI/Desktop/TP2214/Plate1.csv
60,POC_ B_c_7,1,10000, All Events,1,0.2,5.67E-02,17.64,29.9, 18-MAY-2022 , 22:00:59 ,1,1,1,90.51,1, ---, ---, ---,0,0,0,0, ---, ---, ---, ---,0,0, ---, ---, ---, ---, ---, ---, ---, ---, ---, ---, ---, ---, ---, ---, ---, ---, ---, ---, ---, ---, RED-HLin,5,0.59,500,2, GUAVAHT\GTI, Unknown, C:/Documents and Settings/GTI/Desktop/TP2214/Plate1.csv
61,POC_ C_a_7,0,10000, All Events,1,0.2,0.00E+00,17.64,29.9, 18-MAY-2022 , 22:01:59 ,1,1,1,90.51,1, ---, ---, ---,0,0,0,0, ---, ---, ---, ---,0,0, ---, ---, ---, ---, ---, ---, ---, ---, ---, ---, ---, ---, ---, ---, ---, ---, ---, ---, ---, ---, RED-HLin,5,0.59,500,2, GUAVAHT\GTI, Unknown, C:/Documents and Settings/GTI/Desktop/TP2214/Plate1.csv
62,POC_ C_a_7,2,10000, All Events,1,0.2,1.13E-01,17.64,29.9, 18-MAY-2022 , 22:03:02 ,1,1,1,90.51,1, ---, ---, ---,0,0,0,0, ---, ---, ---, ---,0,0, ---, ---, ---, ---, ---, ---, ---, ---, ---, ---, ---, ---, ---, ---, ---, ---, ---, ---, ---, ---, RED-HLin,5,0.59,500,2, GUAVAHT\GTI, Unknown, C:/Documents and Settings/GTI/Desktop/TP2214/Plate1.csv
63,POC_ C_b_7,2,10000, All Events,1,0.2,1.13E-01,17.64,29.9, 18-MAY-2022 , 22:03:55 ,1,1,1,90.51,1, ---, ---, ---,0,0,0,0, ---, ---, ---, ---,0,0, ---, ---, ---, ---, ---, ---, ---, ---, ---, ---, ---, ---, ---, ---, ---, ---, ---, ---, ---, ---, RED-HLin,5,0.59,500,2, GUAVAHT\GTI, Unknown, C:/Documents and Settings/GTI/Desktop/TP2214/Plate1.csv
64,POC_ C_b_7,3,10000, All Events,1,0.2,1.70E-01,17.64,29.9, 18-MAY-2022 , 22:04:47 ,1,1,1,90.51,1, ---, ---, ---,0,0,0,0, ---, ---, ---, ---,0,0, ---, ---, ---, ---, ---, ---, ---, ---, ---, ---, ---, ---, ---, ---, ---, ---, ---, ---, ---, ---, RED-HLin,5,0.59,500,2, GUAVAHT\GTI, Unknown, C:/Documents and Settings/GTI/Desktop/TP2214/Plate1.csv
65,POC_ C_c_7,1,10000, All Events,1,0.2,5.67E-02,17.64,29.9, 18-MAY-2022 , 22:05:40 ,1,1,1,90.51,1, ---, ---, ---,0,0,0,0, ---, ---, ---, ---,0,0, ---, ---, ---, ---, ---, ---, ---, ---, ---, ---, ---, ---, ---, ---, ---, ---, ---, ---, ---, ---, RED-HLin,5,0.59,500,2, GUAVAHT\GTI, Unknown, C:/Documents and Settings/GTI/Desktop/TP2214/Plate1.csv
66,POC_ C_c_7,0,10000, All Events,1,0.2,0.00E+00,17.64,29.9, 18-MAY-2022 , 22:06:30 ,1,1,1,90.51,1, ---, ---, ---,0,0,0,0, ---, ---, ---, ---,0,0, ---, ---, ---, ---, ---, ---, ---, ---, ---, ---, ---, ---, ---, ---, ---, ---, ---, ---, ---, ---, RED-HLin,5,0.59,500,2, GUAVAHT\GTI, Unknown, C:/Documents and Settings/GTI/Desktop/TP2214/Plate1.csv
67,POC_ B_a_8,0,10000, All Events,1,0.2,0.00E+00,17.64,29.9, 18-MAY-2022 , 23:38:12 ,1,1,1,90.51,1, ---, ---, ---,0,0,0,0, ---, ---, ---, ---,0,0, ---, ---, ---, ---, ---, ---, ---, ---, ---, ---, ---, ---, ---, ---, ---, ---, ---, ---, ---, ---, RED-HLin,5,0.59,500,2, GUAVAHT\GTI, Unknown, C:/Documents and Settings/GTI/Desktop/TP2214/Plate1.csv
68,POC_ B_a_8,3,10000, All Events,1,0.2,1.70E-01,17.64,29.9, 18-MAY-2022 , 23:39:15 ,1,1,1,90.51,1, ---, ---, ---,0,0,0,0, ---, ---, ---, ---,0,0, ---, ---, ---, ---, ---, ---, ---, ---, ---, ---, ---, ---, ---, ---, ---, ---, ---, ---, ---, ---, RED-HLin,5,0.59,500,2, GUAVAHT\GTI, Unknown, C:/Documents and Settings/GTI/Desktop/TP2214/Plate1.csv
69,POC_ B_b_8,0,10000, All Events,1,0.2,0.00E+00,17.64,29.9, 18-MAY-2022 , 23:40:08 ,1,1,1,90.51,1, ---, ---, ---,0,0,0,0, ---, ---, ---, ---,0,0, ---, ---, ---, ---, ---, ---, ---, ---, ---, ---, ---, ---, ---, ---, ---, ---, ---, ---, ---, ---, RED-HLin,5,0.59,500,2, GUAVAHT\GTI, Unknown, C:/Documents and Settings/GTI/Desktop/TP2214/Plate1.csv
70,POC_ B_b_8,0,10000, All Events,1,0.2,0.00E+00,17.64,29.9, 18-MAY-2022 , 23:41:01 ,1,1,1,90.51,1, ---, ---, ---,0,0,0,0, ---, ---, ---, ---,0,0, ---, ---, ---, ---, ---, ---, ---, ---, ---, ---, ---, ---, ---, ---, ---, ---, ---, ---, ---, ---, RED-HLin,5,0.59,500,2, GUAVAHT\GTI, Unknown, C:/Documents and Settings/GTI/Desktop/TP2214/Plate1.csv
71,POC_ B_c_8,1,10000, All Events,1,0.2,5.67E-02,17.64,29.9, 18-MAY-2022 , 23:41:54 ,1,1,1,90.51,1, ---, ---, ---,0,0,0,0, ---, ---, ---, ---,0,0, ---, ---, ---, ---, ---, ---, ---, ---, ---, ---, ---, ---, ---, ---, ---, ---, ---, ---, ---, ---, RED-HLin,5,0.59,500,2, GUAVAHT\GTI, Unknown, C:/Documents and Settings/GTI/Desktop/TP2214/Plate1.csv
72,POC_ B_c_8,0,10000, All Events,1,0.2,0.00E+00,17.64,29.9, 18-MAY-2022 , 23:42:43 ,1,1,1,90.51,1, ---, ---, ---,0,0,0,0, ---, ---, ---, ---,0,0, ---, ---, ---, ---, ---, ---, ---, ---, ---, ---, ---, ---, ---, ---, ---, ---, ---, ---, ---, ---, RED-HLin,5,0.59,500,2, GUAVAHT\GTI, Unknown, C:/Documents and Settings/GTI/Desktop/TP2214/Plate1.csv
73,POC_ B_a_9,0,10000, All Events,1,0.2,0.00E+00,17.64,29.9, 19-MAY-2022 , 01:38:30 ,1,1,1,90.51,1, ---, ---, ---,0,0,0,0, ---, ---, ---, ---,0,0, ---, ---, ---, ---, ---, ---, ---, ---, ---, ---, ---, ---, ---, ---, ---, ---, ---, ---, ---, ---, RED-HLin,5,0.59,500,2, GUAVAHT\GTI, Unknown, C:/Documents and Settings/GTI/Desktop/TP2214/Plate1.csv
74,POC_ B_a_9,0,10000, All Events,1,0.2,0.00E+00,17.64,29.9, 19-MAY-2022 , 01:39:34 ,1,1,1,90.51,1, ---, ---, ---,0,0,0,0, ---, ---, ---, ---,0,0, ---, ---, ---, ---, ---, ---, ---, ---, ---, ---, ---, ---, ---, ---, ---, ---, ---, ---, ---, ---, RED-HLin,5,0.59,500,2, GUAVAHT\GTI, Unknown, C:/Documents and Settings/GTI/Desktop/TP2214/Plate1.csv
75,POC_ B_b_9,0,10000, All Events,1,0.2,0.00E+00,17.64,29.9, 19-MAY-2022 , 01:40:27 ,1,1,1,90.51,1, ---, ---, ---,0,0,0,0, ---, ---, ---, ---,0,0, ---, ---, ---, ---, ---, ---, ---, ---, ---, ---, ---, ---, ---, ---, ---, ---, ---, ---, ---, ---, RED-HLin,5,0.59,500,2, GUAVAHT\GTI, Unknown, C:/Documents and Settings/GTI/Desktop/TP2214/Plate1.csv
76,POC_ B_b_9,0,10000, All Events,1,0.2,0.00E+00,17.64,29.9, 19-MAY-2022 , 01:41:20 ,1,1,1,90.51,1, ---, ---, ---,0,0,0,0, ---, ---, ---, ---,0,0, ---, ---, ---, ---, ---, ---, ---, ---, ---, ---, ---, ---, ---, ---, ---, ---, ---, ---, ---, ---, RED-HLin,5,0.59,500,2, GUAVAHT\GTI, Unknown, C:/Documents and Settings/GTI/Desktop/TP2214/Plate1.csv
77,POC_ B_c_9,0,10000, All Events,1,0.2,0.00E+00,17.55,29.75, 19-MAY-2022 , 01:42:13 ,1,1,1,90.51,1, ---, ---, ---,0,0,0,0, ---, ---, ---, ---,0,0, ---, ---, ---, ---, ---, ---, ---, ---, ---, ---, ---, ---, ---, ---, ---, ---, ---, ---, ---, ---, RED-HLin,5,0.59,500,2, GUAVAHT\GTI, Unknown, C:/Documents and Settings/GTI/Desktop/TP2214/Plate1.csv
78,POC_ B_c_9,0,10000, All Events,1,0.2,0.00E+00,17.64,29.9, 19-MAY-2022 , 01:43:02 ,1,1,1,90.51,1, ---, ---, ---,0,0,0,0, ---, ---, ---, ---,0,0, ---, ---, ---, ---, ---, ---, ---, ---, ---, ---, ---, ---, ---, ---, ---, ---, ---, ---, ---, ---, RED-HLin,5,0.59,500,2, GUAVAHT\GTI, Unknown, C:/Documents and Settings/GTI/Desktop/TP2214/Plate1.csv
79,POC_ B_a_10,0,10000, All Events,1,0.2,0.00E+00,17.64,29.9, 19-MAY-2022 , 03:34:32 ,1,1,1,90.51,1, ---, ---, ---,0,0,0,0, ---, ---, ---, ---,0,0, ---, ---, ---, ---, ---, ---, ---, ---, ---, ---, ---, ---, ---, ---, ---, ---, ---, ---, ---, ---, RED-HLin,5,0.59,500,2, GUAVAHT\GTI, Unknown, C:/Documents and Settings/GTI/Desktop/TP2214/Plate1.csv
80,POC_ B_a_10,0,10000, All Events,1,0.2,0.00E+00,17.64,29.9, 19-MAY-2022 , 03:35:35 ,1,1,1,90.51,1, ---, ---, ---,0,0,0,0, ---, ---, ---, ---,0,0, ---, ---, ---, ---, ---, ---, ---, ---, ---, ---, ---, ---, ---, ---, ---, ---, ---, ---, ---, ---, RED-HLin,5,0.59,500,2, GUAVAHT\GTI, Unknown, C:/Documents and Settings/GTI/Desktop/TP2214/Plate1.csv
81,POC_ B_b_10,2,10000, All Events,1,0.2,1.14E-01,17.61,29.85, 19-MAY-2022 , 03:36:28 ,1,1,1,90.51,1, ---, ---, ---,0,0,0,0, ---, ---, ---, ---,0,0, ---, ---, ---, ---, ---, ---, ---, ---, ---, ---, ---, ---, ---, ---, ---, ---, ---, ---, ---, ---, RED-HLin,5,0.59,500,3, GUAVAHT\GTI, Unknown, C:/Documents and Settings/GTI/Desktop/TP2214/Plate1.csv
82,POC_ B_b_10,0,10000, All Events,1,0.2,0.00E+00,17.64,29.9, 19-MAY-2022 , 03:37:21 ,1,1,1,90.51,1, ---, ---, ---,0,0,0,0, ---, ---, ---, ---,0,0, ---, ---, ---, ---, ---, ---, ---, ---, ---, ---, ---, ---, ---, ---, ---, ---, ---, ---, ---, ---, RED-HLin,5,0.59,500,2, GUAVAHT\GTI, Unknown, C:/Documents and Settings/GTI/Desktop/TP2214/Plate1.csv
83,POC_ B_c_10,1,10000, All Events,1,0.2,5.67E-02,17.64,29.9, 19-MAY-2022 , 03:38:14 ,1,1,1,90.51,1, ---, ---, ---,0,0,0,0, ---, ---, ---, ---,0,0, ---, ---, ---, ---, ---, ---, ---, ---, ---, ---, ---, ---, ---, ---, ---, ---, ---, ---, ---, ---, RED-HLin,5,0.59,500,2, GUAVAHT\GTI, Unknown, C:/Documents and Settings/GTI/Desktop/TP2214/Plate1.csv
84,POC_ B_c_10,0,10000, All Events,1,0.2,0.00E+00,17.64,29.9, 19-MAY-2022 , 03:39:04 ,1,1,1,90.51,1, ---, ---, ---,0,0,0,0, ---, ---, ---, ---,0,0, ---, ---, ---, ---, ---, ---, ---, ---, ---, ---, ---, ---, ---, ---, ---, ---, ---, ---, ---, ---, RED-HLin,5,0.59,500,2, GUAVAHT\GTI, Unknown, C:/Documents and Settings/GTI/Desktop/TP2214/Plate1.csv
85,POC_ B_a_11,0,10000, All Events,1,0.2,0.00E+00,17.64,29.9, 19-MAY-2022 , 05:39:20 ,1,1,1,90.51,1, ---, ---, ---,0,0,0,0, ---, ---, ---, ---,0,0, ---, ---, ---, ---, ---, ---, ---, ---, ---, ---, ---, ---, ---, ---, ---, ---, ---, ---, ---, ---, RED-HLin,5,0.59,500,2, GUAVAHT\GTI, Unknown, C:/Documents and Settings/GTI/Desktop/TP2214/Plate1.csv
86,POC_ B_a_11,1,10000, All Events,1,0.2,5.67E-02,17.64,29.9, 19-MAY-2022 , 05:40:23 ,1,1,1,90.51,1, ---, ---, ---,0,0,0,0, ---, ---, ---, ---,0,0, ---, ---, ---, ---, ---, ---, ---, ---, ---, ---, ---, ---, ---, ---, ---, ---, ---, ---, ---, ---, RED-HLin,5,0.59,500,2, GUAVAHT\GTI, Unknown, C:/Documents and Settings/GTI/Desktop/TP2214/Plate1.csv
87,POC_ B_b_11,1,10000, All Events,1,0.2,5.67E-02,17.64,29.9, 19-MAY-2022 , 05:41:17 ,1,1,1,90.51,1, ---, ---, ---,0,0,0,0, ---, ---, ---, ---,0,0, ---, ---, ---, ---, ---, ---, ---, ---, ---, ---, ---, ---, ---, ---, ---, ---, ---, ---, ---, ---, RED-HLin,5,0.59,500,2, GUAVAHT\GTI, Unknown, C:/Documents and Settings/GTI/Desktop/TP2214/Plate1.csv
88,POC_ B_b_11,1,10000, All Events,1,0.2,5.67E-02,17.64,29.9, 19-MAY-2022 , 05:42:10 ,1,1,1,90.51,1, ---, ---, ---,0,0,0,0, ---, ---, ---, ---,0,0, ---, ---, ---, ---, ---, ---, ---, ---, ---, ---, ---, ---, ---, ---, ---, ---, ---, ---, ---, ---, RED-HLin,5,0.59,500,2, GUAVAHT\GTI, Unknown, C:/Documents and Settings/GTI/Desktop/TP2214/Plate1.csv
89,POC_ B_c_11,1,10000, All Events,1,0.2,5.67E-02,17.64,29.9, 19-MAY-2022 , 05:43:03 ,1,1,1,90.51,1, ---, ---, ---,0,0,0,0, ---, ---, ---, ---,0,0, ---, ---, ---, ---, ---, ---, ---, ---, ---, ---, ---, ---, ---, ---, ---, ---, ---, ---, ---, ---, RED-HLin,5,0.59,500,2, GUAVAHT\GTI, Unknown, C:/Documents and Settings/GTI/Desktop/TP2214/Plate1.csv
90,POC_ B_c_11,1,10000, All Events,1,0.2,5.67E-02,17.64,29.9, 19-MAY-2022 , 05:43:53 ,1,1,1,90.51,1, ---, ---, ---,0,0,0,0, ---, ---, ---, ---,0,0, ---, ---, ---, ---, ---, ---, ---, ---, ---, ---, ---, ---, ---, ---, ---, ---, ---, ---, ---, ---, RED-HLin,5,0.59,500,2, GUAVAHT\GTI, Unknown, C:/Documents and Settings/GTI/Desktop/TP2214/Plate1.csv
91,POC_ B_a_12,1,10000, All Events,1,0.2,5.67E-02,17.64,29.9, 19-MAY-2022 , 07:32:21 ,1,1,1,90.51,1, ---, ---, ---,0,0,0,0, ---, ---, ---, ---,0,0, ---, ---, ---, ---, ---, ---, ---, ---, ---, ---, ---, ---, ---, ---, ---, ---, ---, ---, ---, ---, RED-HLin,5,0.59,500,2, GUAVAHT\GTI, Unknown, C:/Documents and Settings/GTI/Desktop/TP2214/Plate1.csv
92,POC_ B_a_12,0,10000, All Events,1,0.2,0.00E+00,17.64,29.9, 19-MAY-2022 , 07:33:25 ,1,1,1,90.51,1, ---, ---, ---,0,0,0,0, ---, ---, ---, ---,0,0, ---, ---, ---, ---, ---, ---, ---, ---, ---, ---, ---, ---, ---, ---, ---, ---, ---, ---, ---, ---, RED-HLin,5,0.59,500,2, GUAVAHT\GTI, Unknown, C:/Documents and Settings/GTI/Desktop/TP2214/Plate1.csv
93,POC_ B_b_12,0,10000, All Events,1,0.2,0.00E+00,17.64,29.9, 19-MAY-2022 , 07:34:18 ,1,1,1,90.51,1, ---, ---, ---,0,0,0,0, ---, ---, ---, ---,0,0, ---, ---, ---, ---, ---, ---, ---, ---, ---, ---, ---, ---, ---, ---, ---, ---, ---, ---, ---, ---, RED-HLin,5,0.59,500,2, GUAVAHT\GTI, Unknown, C:/Documents and Settings/GTI/Desktop/TP2214/Plate1.csv
94,POC_ B_b_12,2,10000, All Events,1,0.2,1.13E-01,17.64,29.9, 19-MAY-2022 , 07:35:11 ,1,1,1,90.51,1, ---, ---, ---,0,0,0,0, ---, ---, ---, ---,0,0, ---, ---, ---, ---, ---, ---, ---, ---, ---, ---, ---, ---, ---, ---, ---, ---, ---, ---, ---, ---, RED-HLin,5,0.59,500,2, GUAVAHT\GTI, Unknown, C:/Documents and Settings/GTI/Desktop/TP2214/Plate1.csv
95,POC_ B_c_12,4,10000, All Events,1,0.2,2.27E-01,17.64,29.9, 19-MAY-2022 , 07:36:05 ,1,1,1,90.51,1, ---, ---, ---,0,0,0,0, ---, ---, ---, ---,0,0, ---, ---, ---, ---, ---, ---, ---, ---, ---, ---, ---, ---, ---, ---, ---, ---, ---, ---, ---, ---, RED-HLin,5,0.59,500,2, GUAVAHT\GTI, Unknown, C:/Documents and Settings/GTI/Desktop/TP2214/Plate1.csv
96,POC_ B_c_12,0,10000, All Events,1,0.2,0.00E+00,17.64,29.9, 19-MAY-2022 , 07:36:54 ,1,1,1,90.51,1, ---, ---, ---,0,0,0,0, ---, ---, ---, ---,0,0, ---, ---, ---, ---, ---, ---, ---, ---, ---, ---, ---, ---, ---, ---, ---, ---, ---, ---, ---, ---, RED-HLin,5,0.59,500,2, GUAVAHT\GTI, Unknown, C:/Documents and Settings/GTI/Desktop/TP2214/Plate1.csv